file_name,predicted_tags,proposed_competencies,difficulty_level,confidence,notes,chunk_count,retrieval_candidates,latency_s,status
Decision Trees Revised.pptx,"[""Decision Trees"", ""Gini Impurity"", ""Pruning Decision Trees"", ""Decision Tree Pruning"", ""Pre-Pruning Technique"", ""Post-Pruning Technique""]","[""Machine Learning (ML)""]",Intermediate,0.85,"The document evidence clearly covers fundamental concepts of Decision Trees, including how they work, the importance of Gini Impurity, and the technique of pruning to avoid overfitting. These topics are core aspects of machine learning, specifically supervised learning. The content explains the practical implementation and reasoning behind decision trees, which aligns closely with the description of 'Machine Learning (ML)' provided in the candidate list.",2,"[{""skill_name_en"": ""Pre-sales preparation"", ""description_en"": ""Preparation to achieve monthly/weekly/daily sales objective"", ""max_score"": 0.6034188272606613, ""sum_score"": 1.1620323222275122, ""hits"": 2, ""chunk_indices"": [1, 2], ""best_e5_score"": 0.8148906230926514, ""best_lexical_score"": 0.008547008547008548, ""retrieval_score"": 0.6434188272606614, ""rank"": 1}, {""skill_name_en"": ""Data sharing"", ""description_en"": ""Assess the value of data to achieve a competitive advantage and business objectives"", ""max_score"": 0.603278712366448, ""sum_score"": 0.603278712366448, ""hits"": 1, ""chunk_indices"": [1], ""best_e5_score"": 0.8021402359008789, ""best_lexical_score"": 0.00819672131147541, ""retrieval_score"": 0.623278712366448, ""rank"": 2}, {""skill_name_en"": ""Knowledge of big data tools and platforms"", ""description_en"": ""Knowledge of big data tools and platforms to access data and run models"", ""max_score"": 0.5796209135993582, ""sum_score"": 1.1216628115768774, ""hits"": 2, ""chunk_indices"": [1, 2], ""best_e5_score"": 0.7996672987937927, ""best_lexical_score"": 0.00819672131147541, ""retrieval_score"": 0.6196209135993582, ""rank"": 3}, {""skill_name_en"": ""Web pages optimization"", ""description_en"": ""Optimizing web pages for maximum speed and scalability"", ""max_score"": 0.575512170791626, ""sum_score"": 0.575512170791626, ""hits"": 1, ""chunk_indices"": [2], ""best_e5_score"": 0.8115221261978149, ""best_lexical_score"": 0.0, ""retrieval_score"": 0.595512170791626, ""rank"": 4}, {""skill_name_en"": ""Machine Learning (ML)"", ""description_en"": ""Develop, implement, and optimize algorithms for automated learning and decision-making utilizing tools such as deep learning (DL), supervised and unsupervised learning, and reinforcement learning"", ""max_score"": 0.5649349251731497, ""sum_score"": 0.5649349251731497, ""hits"": 1, ""chunk_indices"": [1], ""best_e5_score"": 0.7981321811676025, ""best_lexical_score"": 0.00819672131147541, ""retrieval_score"": 0.5849349251731497, ""rank"": 5}, {""skill_name_en"": ""Data processing"", ""description_en"": ""Proficient in utilizing a variety of analytic tools, databases, and techniques to extract valuable insights and enhance decision-making"", ""max_score"": 0.5558184391412979, ""sum_score"": 0.5558184391412979, ""hits"": 1, ""chunk_indices"": [2], ""best_e5_score"": 0.8074022531509399, ""best_lexical_score"": 0.02564102564102564, ""retrieval_score"": 0.5758184391412979, ""rank"": 6}, {""skill_name_en"": ""Communication systems and protocols design"", ""description_en"": ""Familiarize with communication protocols (e.g., DPD, CFR, DUC, DDC). Utilize AI algorithms for the analysis and management of the RAN"", ""max_score"": 0.5494295954704285, ""sum_score"": 0.5494295954704285, ""hits"": 1, ""chunk_indices"": [1], ""best_e5_score"": 0.7968541383743286, ""best_lexical_score"": 0.0, ""retrieval_score"": 0.5694295954704285, ""rank"": 7}, {""skill_name_en"": ""RAN architecture"", ""description_en"": ""Understand various RAN architecture and Open RAN standards (Split-0, Split-2, Split-6, Split-7.2). Acquire in-depth knowledge of Open RAN components (O-RU, o-DU, O-CU)"", ""max_score"": 0.5447310211312058, ""sum_score"": 0.5447310211312058, ""hits"": 1, ""chunk_indices"": [2], ""best_e5_score"": 0.8068176507949829, ""best_lexical_score"": 0.008547008547008548, ""retrieval_score"": 0.5647310211312058, ""rank"": 8}]",13.358,success
HandsOn1_Window_Functions.md,"[""Window Functions"", ""Partitioning"", ""Cumulative Sum"", ""Movable Windows"", ""LAG() window function"", ""NTILE() window function"", ""cumulative sum calculation""]","[""Data preparation"", ""Data warehousing""]",Intermediate,0.85,"The document evidence clearly demonstrates the use of window functions, LAG(), NTILE(), and cumulative sum calculations, which are essential skills in data preparation and data warehousing. The content includes practical examples and exercises that teach how to manipulate and analyze data using these techniques, making it suitable for intermediate learners. Therefore, the competencies 'Data preparation' and 'Data warehousing' are genuinely supported by the document content.",2,"[{""skill_name_en"": ""Pre-sales preparation"", ""description_en"": ""Preparation to achieve monthly/weekly/daily sales objective"", ""max_score"": 0.6048193009502917, ""sum_score"": 1.2082983889143741, ""hits"": 2, ""chunk_indices"": [1, 2], ""best_e5_score"": 0.8146660327911377, ""best_lexical_score"": 0.012048192771084338, ""retrieval_score"": 0.6448193009502917, ""rank"": 1}, {""skill_name_en"": ""Data sharing"", ""description_en"": ""Assess the value of data to achieve a competitive advantage and business objectives"", ""max_score"": 0.6000000238418579, ""sum_score"": 1.0528234274990587, ""hits"": 2, ""chunk_indices"": [1, 2], ""best_e5_score"": 0.7976600527763367, ""best_lexical_score"": 0.0, ""retrieval_score"": 0.640000023841858, ""rank"": 2}, {""skill_name_en"": ""Web pages optimization"", ""description_en"": ""Optimizing web pages for maximum speed and scalability"", ""max_score"": 0.5956794023513794, ""sum_score"": 1.0193556249141693, ""hits"": 2, ""chunk_indices"": [1, 2], ""best_e5_score"": 0.7971310019493103, ""best_lexical_score"": 0.0, ""retrieval_score"": 0.6356794023513794, ""rank"": 3}, {""skill_name_en"": ""Operating systems management"", ""description_en"": ""Create a network operating system and set up and use administrative tools to manage the network."", ""max_score"": 0.5892356646366609, ""sum_score"": 0.5892356646366609, ""hits"": 1, ""chunk_indices"": [1], ""best_e5_score"": 0.7938302159309387, ""best_lexical_score"": 0.05128205128205128, ""retrieval_score"": 0.6092356646366609, ""rank"": 4}, {""skill_name_en"": ""Data warehousing"", ""description_en"": ""Installing, configuring, monitoring, maintaining and improving the performance of databases and data stores."", ""max_score"": 0.5773455500602722, ""sum_score"": 0.5773455500602722, ""hits"": 1, ""chunk_indices"": [1], ""best_e5_score"": 0.79488605260849, ""best_lexical_score"": 0.0, ""retrieval_score"": 0.5973455500602722, ""rank"": 5}, {""skill_name_en"": ""Data preparation"", ""description_en"": ""Collect and clean data as well as data extraction, transformation, and loading (ETL) and creating comprehensive data warehouses for analytical purposes"", ""max_score"": 0.472833725989583, ""sum_score"": 0.472833725989583, ""hits"": 1, ""chunk_indices"": [2], ""best_e5_score"": 0.7902359962463379, ""best_lexical_score"": 0.012048192771084338, ""retrieval_score"": 0.492833725989583, ""rank"": 6}, {""skill_name_en"": ""Data collection and analysis"", ""description_en"": ""To gather, analyze, test and verify data from different source inputs."", ""max_score"": 0.4467178646340428, ""sum_score"": 0.4467178646340428, ""hits"": 1, ""chunk_indices"": [2], ""best_e5_score"": 0.7845100164413452, ""best_lexical_score"": 0.024096385542168676, ""retrieval_score"": 0.4667178646340428, ""rank"": 7}]",13.236,success
Introduction to Pandas_.pptx,"[""Pandas Library"", ""DataFrames"", ""Series (Pandas)"", ""duplicate index labels"", ""multi-index creation"", ""loc vs iloc""]","[""Data processing""]",Beginner,0.85,"The document evidence clearly demonstrates the use of the Pandas library for data manipulation, including organizing, cleaning, and exploring data. This aligns directly with the 'Data processing' competency, which involves using various analytic tools and techniques to extract valuable insights and enhance decision-making. The content covers foundational concepts like Series and DataFrames, which are essential for data processing tasks.",2,"[{""skill_name_en"": ""Data collection and analysis"", ""description_en"": ""To gather, analyze, test and verify data from different source inputs."", ""max_score"": 0.6085106621397303, ""sum_score"": 1.1857336054456995, ""hits"": 2, ""chunk_indices"": [1, 2], ""best_e5_score"": 0.8276734352111816, ""best_lexical_score"": 0.02127659574468085, ""retrieval_score"": 0.6485106621397303, ""rank"": 1}, {""skill_name_en"": ""Data sharing"", ""description_en"": ""Assess the value of data to achieve a competitive advantage and business objectives"", ""max_score"": 0.6000000238418579, ""sum_score"": 1.127595497699494, ""hits"": 2, ""chunk_indices"": [1, 2], ""best_e5_score"": 0.7996949553489685, ""best_lexical_score"": 0.0, ""retrieval_score"": 0.640000023841858, ""rank"": 2}, {""skill_name_en"": ""Knowledge of big data tools and platforms"", ""description_en"": ""Knowledge of big data tools and platforms to access data and run models"", ""max_score"": 0.5830701591921787, ""sum_score"": 1.1246853120584612, ""hits"": 2, ""chunk_indices"": [1, 2], ""best_e5_score"": 0.7968060970306396, ""best_lexical_score"": 0.00980392156862745, ""retrieval_score"": 0.6230701591921788, ""rank"": 3}, {""skill_name_en"": ""Pre-sales preparation"", ""description_en"": ""Preparation to achieve monthly/weekly/daily sales objective"", ""max_score"": 0.5790888071060181, ""sum_score"": 0.5790888071060181, ""hits"": 1, ""chunk_indices"": [2], ""best_e5_score"": 0.7967978119850159, ""best_lexical_score"": 0.0, ""retrieval_score"": 0.5990888071060181, ""rank"": 4}, {""skill_name_en"": ""Web pages optimization"", ""description_en"": ""Optimizing web pages for maximum speed and scalability"", ""max_score"": 0.5784680247306824, ""sum_score"": 0.5784680247306824, ""hits"": 1, ""chunk_indices"": [2], ""best_e5_score"": 0.796711802482605, ""best_lexical_score"": 0.0, ""retrieval_score"": 0.5984680247306824, ""rank"": 5}, {""skill_name_en"": ""Machine Learning (ML)"", ""description_en"": ""Develop, implement, and optimize algorithms for automated learning and decision-making utilizing tools such as deep learning (DL), supervised and unsupervised learning, and reinforcement learning"", ""max_score"": 0.5169083963049219, ""sum_score"": 0.5169083963049219, ""hits"": 1, ""chunk_indices"": [1], ""best_e5_score"": 0.8157650232315063, ""best_lexical_score"": 0.02127659574468085, ""retrieval_score"": 0.5369083963049219, ""rank"": 6}, {""skill_name_en"": ""Data processing"", ""description_en"": ""Proficient in utilizing a variety of analytic tools, databases, and techniques to extract valuable insights and enhance decision-making"", ""max_score"": 0.5120809321707868, ""sum_score"": 0.5120809321707868, ""hits"": 1, ""chunk_indices"": [1], ""best_e5_score"": 0.8156906366348267, ""best_lexical_score"": 0.010638297872340425, ""retrieval_score"": 0.5320809321707868, ""rank"": 7}]",12.959,success
Lecture - Decision Trees.ipynb,"[""Decision Tree"", ""Random Forest"", ""Ensemble Learning"", ""tree diagram interpretation"", ""bagging (bootstrap aggregating)"", ""Gradient Boosting"", ""Feature Engineering"", ""Out-of-Bag Scoring""]","[""Machine Learning (ML)""]",Intermediate,0.9,"The document evidence explicitly discusses various machine learning models including Decision Trees, Random Forests, and Gradient Boosting. It provides detailed explanations, code examples, and practical applications of these concepts, which are core components of machine learning. Therefore, the competency 'Machine Learning (ML)' is genuinely supported by the document content.",3,"[{""skill_name_en"": ""Knowledge of big data tools and platforms"", ""description_en"": ""Knowledge of big data tools and platforms to access data and run models"", ""max_score"": 0.6062500238418579, ""sum_score"": 1.7576063693653454, ""hits"": 3, ""chunk_indices"": [1, 2, 3], ""best_e5_score"": 0.8103398084640503, ""best_lexical_score"": 0.015625, ""retrieval_score"": 0.6662500238418578, ""rank"": 1}, {""skill_name_en"": ""Data sharing"", ""description_en"": ""Assess the value of data to achieve a competitive advantage and business objectives"", ""max_score"": 0.603030326872161, ""sum_score"": 1.1476418881705315, ""hits"": 2, ""chunk_indices"": [1, 2], ""best_e5_score"": 0.8085715174674988, ""best_lexical_score"": 0.007575757575757576, ""retrieval_score"": 0.643030326872161, ""rank"": 2}, {""skill_name_en"": ""Pre-sales preparation"", ""description_en"": ""Preparation to achieve monthly/weekly/daily sales objective"", ""max_score"": 0.5487598180770874, ""sum_score"": 1.0825414689381918, ""hits"": 2, ""chunk_indices"": [2, 3], ""best_e5_score"": 0.8014832735061646, ""best_lexical_score"": 0.0, ""retrieval_score"": 0.5887598180770874, ""rank"": 3}, {""skill_name_en"": ""Web pages optimization"", ""description_en"": ""Optimizing web pages for maximum speed and scalability"", ""max_score"": 0.5397689938545227, ""sum_score"": 1.0396883487701416, ""hits"": 2, ""chunk_indices"": [1, 3], ""best_e5_score"": 0.7832722663879395, ""best_lexical_score"": 0.0, ""retrieval_score"": 0.5797689938545227, ""rank"": 4}, {""skill_name_en"": ""3D modelling"", ""description_en"": ""Generate 3D models using a variety of modelling software to represent characteristics of a real-world system"", ""max_score"": 0.5364121198654175, ""sum_score"": 1.0526049762061147, ""hits"": 2, ""chunk_indices"": [2, 3], ""best_e5_score"": 0.7827624678611755, ""best_lexical_score"": 0.0, ""retrieval_score"": 0.5764121198654175, ""rank"": 5}, {""skill_name_en"": ""Radio frequency engineering"", ""description_en"": ""Designing, installing and maintaining radio frequency-based devices and software."", ""max_score"": 0.524043443997701, ""sum_score"": 0.524043443997701, ""hits"": 1, ""chunk_indices"": [3], ""best_e5_score"": 0.7803778648376465, ""best_lexical_score"": 0.008333333333333333, ""retrieval_score"": 0.544043443997701, ""rank"": 6}, {""skill_name_en"": ""Machine Learning (ML)"", ""description_en"": ""Develop, implement, and optimize algorithms for automated learning and decision-making utilizing tools such as deep learning (DL), supervised and unsupervised learning, and reinforcement learning"", ""max_score"": 0.5185761213302612, ""sum_score"": 0.5185761213302612, ""hits"": 1, ""chunk_indices"": [1], ""best_e5_score"": 0.7967745065689087, ""best_lexical_score"": 0.015625, ""retrieval_score"": 0.5385761213302612, ""rank"": 7}, {""skill_name_en"": ""Data collection and analysis"", ""description_en"": ""To gather, analyze, test and verify data from different source inputs."", ""max_score"": 0.4984317719936371, ""sum_score"": 0.9941513895988464, ""hits"": 2, ""chunk_indices"": [1, 2], ""best_e5_score"": 0.7945212125778198, ""best_lexical_score"": 0.0, ""retrieval_score"": 0.5384317719936371, ""rank"": 8}]",17.733,success
Lecture - Pandas Basics.ipynb,"[""Pandas DataFrame"", ""Pandas Series"", ""Boolean filtering with conditions"", ""data cleaning"", ""handling missing values"", ""data manipulation with pandas""]","[""Data preparation""]",Beginner,0.85,"The document evidence clearly demonstrates the process of data cleaning and handling missing values, which are key aspects of data preparation. Specifically, the content covers checking for missing values, dropping rows with missing data, and filling missing values with the mean. This aligns directly with the description of 'Collect and clean data as well as data extraction, transformation, and loading (ETL) and creating comprehensive data warehouses for analytical purposes.'",2,"[{""skill_name_en"": ""Pre-sales preparation"", ""description_en"": ""Preparation to achieve monthly/weekly/daily sales objective"", ""max_score"": 0.6000000238418579, ""sum_score"": 1.2000000476837158, ""hits"": 2, ""chunk_indices"": [1, 2], ""best_e5_score"": 0.8185022473335266, ""best_lexical_score"": 0.0, ""retrieval_score"": 0.640000023841858, ""rank"": 1}, {""skill_name_en"": ""Data collection and analysis"", ""description_en"": ""To gather, analyze, test and verify data from different source inputs."", ""max_score"": 0.5687474761690412, ""sum_score"": 1.028712194751435, ""hits"": 2, ""chunk_indices"": [1, 2], ""best_e5_score"": 0.8129132986068726, ""best_lexical_score"": 0.017857142857142856, ""retrieval_score"": 0.6087474761690412, ""rank"": 2}, {""skill_name_en"": ""Knowledge of big data tools and platforms"", ""description_en"": ""Knowledge of big data tools and platforms to access data and run models"", ""max_score"": 0.5660129342760358, ""sum_score"": 1.0526206608521278, ""hits"": 2, ""chunk_indices"": [1, 2], ""best_e5_score"": 0.8125152587890625, ""best_lexical_score"": 0.017857142857142856, ""retrieval_score"": 0.6060129342760359, ""rank"": 3}, {""skill_name_en"": ""Data sharing"", ""description_en"": ""Assess the value of data to achieve a competitive advantage and business objectives"", ""max_score"": 0.5440682922090803, ""sum_score"": 1.0678658562430696, ""hits"": 2, ""chunk_indices"": [1, 2], ""best_e5_score"": 0.8093209266662598, ""best_lexical_score"": 0.017857142857142856, ""retrieval_score"": 0.5840682922090803, ""rank"": 4}, {""skill_name_en"": ""Data warehousing"", ""description_en"": ""Installing, configuring, monitoring, maintaining and improving the performance of databases and data stores."", ""max_score"": 0.5268898980958121, ""sum_score"": 0.5268898980958121, ""hits"": 1, ""chunk_indices"": [1], ""best_e5_score"": 0.8073402643203735, ""best_lexical_score"": 0.008928571428571428, ""retrieval_score"": 0.5468898980958121, ""rank"": 5}, {""skill_name_en"": ""Data preparation"", ""description_en"": ""Collect and clean data as well as data extraction, transformation, and loading (ETL) and creating comprehensive data warehouses for analytical purposes"", ""max_score"": 0.4670000038168452, ""sum_score"": 0.4670000038168452, ""hits"": 1, ""chunk_indices"": [2], ""best_e5_score"": 0.7894021272659302, ""best_lexical_score"": 0.009009009009009009, ""retrieval_score"": 0.4870000038168452, ""rank"": 6}]",12.877,success
Lecture_ML_Workflow.ipynb,"[""machine learning workflow"", ""train and test split"", ""linear regression"", ""Mean Absolute Error (MAE)"", ""Root Mean Squared Error (RMSE)"", ""R-squared (R²)"", ""Model Evaluation Metrics"", ""K-Nearest Neighbors (KNN)""]","[""Machine Learning (ML)""]",Intermediate,0.85,"The document evidence clearly covers the machine learning workflow, including train and test split, linear regression, and model evaluation metrics such as MAE, RMSE, and R². It also introduces the K-Nearest Neighbors algorithm and its evaluation using precision and recall. This content meaningfully teaches and demonstrates machine learning concepts and techniques.",3,"[{""skill_name_en"": ""Knowledge of big data tools and platforms"", ""description_en"": ""Knowledge of big data tools and platforms to access data and run models"", ""max_score"": 0.6034782847114232, ""sum_score"": 1.7870558899772768, ""hits"": 3, ""chunk_indices"": [1, 2, 3], ""best_e5_score"": 0.7997461557388306, ""best_lexical_score"": 0.008695652173913044, ""retrieval_score"": 0.6634782847114231, ""rank"": 1}, {""skill_name_en"": ""Pre-sales preparation"", ""description_en"": ""Preparation to achieve monthly/weekly/daily sales objective"", ""max_score"": 0.6000000238418579, ""sum_score"": 1.7607821128986498, ""hits"": 3, ""chunk_indices"": [1, 2, 3], ""best_e5_score"": 0.8029781579971313, ""best_lexical_score"": 0.0, ""retrieval_score"": 0.660000023841858, ""rank"": 2}, {""skill_name_en"": ""Machine Learning (ML)"", ""description_en"": ""Develop, implement, and optimize algorithms for automated learning and decision-making utilizing tools such as deep learning (DL), supervised and unsupervised learning, and reinforcement learning"", ""max_score"": 0.611111134952969, ""sum_score"": 1.1692304841698207, ""hits"": 2, ""chunk_indices"": [1, 2], ""best_e5_score"": 0.8253860473632812, ""best_lexical_score"": 0.027777777777777776, ""retrieval_score"": 0.651111134952969, ""rank"": 3}, {""skill_name_en"": ""Data collection and analysis"", ""description_en"": ""To gather, analyze, test and verify data from different source inputs."", ""max_score"": 0.6053904931441597, ""sum_score"": 1.1356432880103684, ""hits"": 2, ""chunk_indices"": [1, 3], ""best_e5_score"": 0.7995251417160034, ""best_lexical_score"": 0.017391304347826087, ""retrieval_score"": 0.6453904931441597, ""rank"": 4}, {""skill_name_en"": ""3D modelling"", ""description_en"": ""Generate 3D models using a variety of modelling software to represent characteristics of a real-world system"", ""max_score"": 0.600004054617694, ""sum_score"": 1.1697991863010437, ""hits"": 2, ""chunk_indices"": [2, 3], ""best_e5_score"": 0.8025386333465576, ""best_lexical_score"": 0.007874015748031496, ""retrieval_score"": 0.640004054617694, ""rank"": 5}, {""skill_name_en"": ""Data sharing"", ""description_en"": ""Assess the value of data to achieve a competitive advantage and business objectives"", ""max_score"": 0.578528881072998, ""sum_score"": 1.659771973184533, ""hits"": 3, ""chunk_indices"": [1, 2, 3], ""best_e5_score"": 0.7999780178070068, ""best_lexical_score"": 0.0, ""retrieval_score"": 0.6385288810729981, ""rank"": 6}]",20.006,success
ML Workflow Introduction.pptx,"[""machine learning workflow"", ""data loading"", ""data splitting"", ""K-Nearest Neighbors (KNN)"", ""Cross-Validation"", ""Data Preprocessing"", ""Linear Regression""]","[""Data collection and analysis"", ""Machine Learning (ML)""]",Beginner,0.85,"The document evidence clearly demonstrates a step-by-step machine learning workflow, including data loading and splitting, which directly supports the 'Machine Learning (ML)' competency. Additionally, the content involves data collection, preparation, and analysis, which aligns with the 'Data collection and analysis' competency. Both competencies are meaningfully taught and practiced in the provided content.",2,"[{""skill_name_en"": ""Machine Learning (ML)"", ""description_en"": ""Develop, implement, and optimize algorithms for automated learning and decision-making utilizing tools such as deep learning (DL), supervised and unsupervised learning, and reinforcement learning"", ""max_score"": 0.6200000238418579, ""sum_score"": 1.221504220109467, ""hits"": 2, ""chunk_indices"": [1, 2], ""best_e5_score"": 0.8246502876281738, ""best_lexical_score"": 0.05, ""retrieval_score"": 0.660000023841858, ""rank"": 1}, {""skill_name_en"": ""Pre-sales preparation"", ""description_en"": ""Preparation to achieve monthly/weekly/daily sales objective"", ""max_score"": 0.6036697486125001, ""sum_score"": 1.0950267174921997, ""hits"": 2, ""chunk_indices"": [1, 2], ""best_e5_score"": 0.8142002820968628, ""best_lexical_score"": 0.009174311926605505, ""retrieval_score"": 0.6436697486125001, ""rank"": 2}, {""skill_name_en"": ""Knowledge of big data tools and platforms"", ""description_en"": ""Knowledge of big data tools and platforms to access data and run models"", ""max_score"": 0.5799807437260945, ""sum_score"": 1.1502826201004355, ""hits"": 2, ""chunk_indices"": [1, 2], ""best_e5_score"": 0.8186191320419312, ""best_lexical_score"": 0.03333333333333333, ""retrieval_score"": 0.6199807437260946, ""rank"": 3}, {""skill_name_en"": ""Data collection and analysis"", ""description_en"": ""To gather, analyze, test and verify data from different source inputs."", ""max_score"": 0.5612385449059513, ""sum_score"": 1.0800760095564232, ""hits"": 2, ""chunk_indices"": [1, 2], ""best_e5_score"": 0.8067983388900757, ""best_lexical_score"": 0.027522935779816515, ""retrieval_score"": 0.6012385449059513, ""rank"": 4}, {""skill_name_en"": ""Data sharing"", ""description_en"": ""Assess the value of data to achieve a competitive advantage and business objectives"", ""max_score"": 0.5253874519549379, ""sum_score"": 0.5253874519549379, ""hits"": 1, ""chunk_indices"": [2], ""best_e5_score"": 0.8025580644607544, ""best_lexical_score"": 0.009174311926605505, ""retrieval_score"": 0.5453874519549379, ""rank"": 5}, {""skill_name_en"": ""Artificial intelligence, machine learning and deep learning application"", ""description_en"": ""Identify opportunities where artificial intelligence (AI), machine learning (ML) and deep learning (DL) can be applied to support the automation of work tasks and improve organizational productivity and use machine learning (ML) principles and techniques to support the automation of procedural tasks and improve organizational productivity and evaluate these ML models"", ""max_score"": 0.5103565772374471, ""sum_score"": 0.5103565772374471, ""hits"": 1, ""chunk_indices"": [1], ""best_e5_score"": 0.8024123907089233, ""best_lexical_score"": 0.08333333333333333, ""retrieval_score"": 0.5303565772374471, ""rank"": 6}]",13.73,success
Prompt_Engineering.ipynb,"[""chat roles and templates"", ""zero-shot prompting"", ""few-shot prompting"", ""data preprocessing"", ""imbalanced dataset handling"", ""evaluation set creation"", ""zero-shot classification"", ""few-shot learning""]","[""Natural language Processing (NLP)"", ""Data collection and analysis""]",Intermediate,0.6635,"The document evidence strongly supports the competencies of Natural Language Processing (NLP) and Data Collection and Analysis. The content extensively covers techniques such as prompt engineering, zero-shot and few-shot prompting, data preprocessing, and evaluating model performance, which are core aspects of NLP. Additionally, the document discusses methods for data collection and analysis, including handling imbalanced datasets and creating balanced evaluation sets, which aligns with the described competency.",7,"[{""skill_name_en"": ""3D modelling"", ""description_en"": ""Generate 3D models using a variety of modelling software to represent characteristics of a real-world system"", ""max_score"": 0.6077670141331201, ""sum_score"": 1.7557892209758954, ""hits"": 3, ""chunk_indices"": [3, 4, 5], ""best_e5_score"": 0.8020868897438049, ""best_lexical_score"": 0.019417475728155338, ""retrieval_score"": 0.66776701413312, ""rank"": 1}, {""skill_name_en"": ""Natural language Processing (NLP)"", ""description_en"": ""Design algorithms that enable computers to understand, interpret, and generate human language, utilizing linguistic analysis"", ""max_score"": 0.603361368379673, ""sum_score"": 2.930854650356565, ""hits"": 5, ""chunk_indices"": [1, 3, 4, 5, 7], ""best_e5_score"": 0.7762905955314636, ""best_lexical_score"": 0.008403361344537815, ""retrieval_score"": 0.6633613683796731, ""rank"": 2}, {""skill_name_en"": ""Programming"", ""description_en"": ""Designing and coding automated software bots to perform repetitive, rule-based tasks typically done by humans. This includes tasks like data entry, processing transactions, or managing emails"", ""max_score"": 0.603278712366448, ""sum_score"": 3.4060639479887644, ""hits"": 6, ""chunk_indices"": [1, 2, 3, 4, 5, 6], ""best_e5_score"": 0.8041647672653198, ""best_lexical_score"": 0.00819672131147541, ""retrieval_score"": 0.6632787123664481, ""rank"": 3}, {""skill_name_en"": ""Knowledge of big data tools and platforms"", ""description_en"": ""Knowledge of big data tools and platforms to access data and run models"", ""max_score"": 0.603125023841858, ""sum_score"": 2.887622288550304, ""hits"": 5, ""chunk_indices"": [1, 4, 5, 6, 7], ""best_e5_score"": 0.7965196371078491, ""best_lexical_score"": 0.0078125, ""retrieval_score"": 0.663125023841858, ""rank"": 4}, {""skill_name_en"": ""Pre-sales preparation"", ""description_en"": ""Preparation to achieve monthly/weekly/daily sales objective"", ""max_score"": 0.6000000238418579, ""sum_score"": 2.848195791244507, ""hits"": 5, ""chunk_indices"": [1, 2, 3, 4, 6], ""best_e5_score"": 0.8009384870529175, ""best_lexical_score"": 0.0, ""retrieval_score"": 0.660000023841858, ""rank"": 5}, {""skill_name_en"": ""Data collection and analysis"", ""description_en"": ""To gather, analyze, test and verify data from different source inputs."", ""max_score"": 0.5920590162277222, ""sum_score"": 1.718715325926171, ""hits"": 3, ""chunk_indices"": [2, 5, 6], ""best_e5_score"": 0.7752156853675842, ""best_lexical_score"": 0.0, ""retrieval_score"": 0.6520590162277222, ""rank"": 6}, {""skill_name_en"": ""Communication systems and protocols design"", ""description_en"": ""Familiarize with communication protocols (e.g., DPD, CFR, DUC, DDC). Utilize AI algorithms for the analysis and management of the RAN"", ""max_score"": 0.5768599271774292, ""sum_score"": 1.128843716715203, ""hits"": 2, ""chunk_indices"": [1, 6], ""best_e5_score"": 0.7924557328224182, ""best_lexical_score"": 0.015625, ""retrieval_score"": 0.6168599271774292, ""rank"": 7}, {""skill_name_en"": ""Data sharing"", ""description_en"": ""Assess the value of data to achieve a competitive advantage and business objectives"", ""max_score"": 0.5805953461615766, ""sum_score"": 0.5805953461615766, ""hits"": 1, ""chunk_indices"": [2], ""best_e5_score"": 0.7973666191101074, ""best_lexical_score"": 0.01639344262295082, ""retrieval_score"": 0.6005953461615766, ""rank"": 8}, {""skill_name_en"": ""Web pages optimization"", ""description_en"": ""Optimizing web pages for maximum speed and scalability"", ""max_score"": 0.537827730178833, ""sum_score"": 1.6059978008270264, ""hits"": 3, ""chunk_indices"": [2, 3, 7], ""best_e5_score"": 0.7923848032951355, ""best_lexical_score"": 0.0, ""retrieval_score"": 0.5978277301788331, ""rank"": 9}, {""skill_name_en"": ""Machine Learning (ML)"", ""description_en"": ""Develop, implement, and optimize algorithms for automated learning and decision-making utilizing tools such as deep learning (DL), supervised and unsupervised learning, and reinforcement learning"", ""max_score"": 0.5607720656828447, ""sum_score"": 0.5607720656828447, ""hits"": 1, ""chunk_indices"": [7], ""best_e5_score"": 0.7861834764480591, ""best_lexical_score"": 0.011363636363636364, ""retrieval_score"": 0.5807720656828447, ""rank"": 10}]",39.572,success
Retrieval_Augmented_Generation.ipynb,"[""Retrieval-Augmented Generation"", ""Context Embedding"", ""Nearest Neighbor Search"", ""Retrieval-Augmented Generation (RAG)"", ""Grounded Response Generation"", ""Contextual Answer Extraction from Reviews"", ""context retrieval"", ""citation verification""]","[""Natural language Processing (NLP)""]",Intermediate,0.85,"The document evidence strongly supports the Natural Language Processing (NLP) competency. The content extensively discusses Retrieval-Augmented Generation (RAG), which is a key NLP technique. It covers core concepts such as context embedding, nearest neighbor search, and the retrieval-then-generate loop. The document also details the implementation of RAG systems, including the use of embeddings, cosine similarity, and the integration of context into generated responses. These topics are fundamental to NLP and directly relate to the design and application of algorithms that enable computers to understand, interpret, and generate human language.",7,"[{""skill_name_en"": ""Data collection and analysis"", ""description_en"": ""To gather, analyze, test and verify data from different source inputs."", ""max_score"": 0.6076190714609055, ""sum_score"": 4.02971319444293, ""hits"": 7, ""chunk_indices"": [1, 2, 3, 4, 5, 6, 7], ""best_e5_score"": 0.805033802986145, ""best_lexical_score"": 0.01904761904761905, ""retrieval_score"": 0.6676190714609056, ""rank"": 1}, {""skill_name_en"": ""Web pages optimization"", ""description_en"": ""Optimizing web pages for maximum speed and scalability"", ""max_score"": 0.6029850984687236, ""sum_score"": 1.707276697408619, ""hits"": 3, ""chunk_indices"": [2, 5, 7], ""best_e5_score"": 0.802159309387207, ""best_lexical_score"": 0.007462686567164179, ""retrieval_score"": 0.6629850984687236, ""rank"": 2}, {""skill_name_en"": ""Pre-sales preparation"", ""description_en"": ""Preparation to achieve monthly/weekly/daily sales objective"", ""max_score"": 0.6000000238418579, ""sum_score"": 2.253781259059906, ""hits"": 4, ""chunk_indices"": [2, 3, 4, 6], ""best_e5_score"": 0.7879926562309265, ""best_lexical_score"": 0.0, ""retrieval_score"": 0.660000023841858, ""rank"": 3}, {""skill_name_en"": ""Knowledge of big data tools and platforms"", ""description_en"": ""Knowledge of big data tools and platforms to access data and run models"", ""max_score"": 0.5908150676697019, ""sum_score"": 3.417275852046005, ""hits"": 6, ""chunk_indices"": [1, 2, 3, 4, 6, 7], ""best_e5_score"": 0.800620436668396, ""best_lexical_score"": 0.015873015873015872, ""retrieval_score"": 0.650815067669702, ""rank"": 4}, {""skill_name_en"": ""Communication systems and protocols design"", ""description_en"": ""Familiarize with communication protocols (e.g., DPD, CFR, DUC, DDC). Utilize AI algorithms for the analysis and management of the RAN"", ""max_score"": 0.603361368379673, ""sum_score"": 1.2010455783940164, ""hits"": 2, ""chunk_indices"": [5, 6], ""best_e5_score"": 0.7888206839561462, ""best_lexical_score"": 0.008403361344537815, ""retrieval_score"": 0.6433613683796731, ""rank"": 5}, {""skill_name_en"": ""RAN architecture"", ""description_en"": ""Understand various RAN architecture and Open RAN standards (Split-0, Split-2, Split-6, Split-7.2). Acquire in-depth knowledge of Open RAN components (O-RU, o-DU, O-CU)"", ""max_score"": 0.6032000238418579, ""sum_score"": 1.17651977139658, ""hits"": 2, ""chunk_indices"": [5, 7], ""best_e5_score"": 0.810604453086853, ""best_lexical_score"": 0.008, ""retrieval_score"": 0.6432000238418579, ""rank"": 6}, {""skill_name_en"": ""Data sharing"", ""description_en"": ""Assess the value of data to achieve a competitive advantage and business objectives"", ""max_score"": 0.5804833173751831, ""sum_score"": 2.8485784056073142, ""hits"": 5, ""chunk_indices"": [2, 3, 4, 5, 6], ""best_e5_score"": 0.7854520082473755, ""best_lexical_score"": 0.0, ""retrieval_score"": 0.6404833173751832, ""rank"": 7}, {""skill_name_en"": ""3D modelling"", ""description_en"": ""Generate 3D models using a variety of modelling software to represent characteristics of a real-world system"", ""max_score"": 0.5975534088271005, ""sum_score"": 1.176101788306268, ""hits"": 2, ""chunk_indices"": [3, 4], ""best_e5_score"": 0.8030961155891418, ""best_lexical_score"": 0.02857142857142857, ""retrieval_score"": 0.6375534088271005, ""rank"": 8}, {""skill_name_en"": ""Natural language Processing (NLP)"", ""description_en"": ""Design algorithms that enable computers to understand, interpret, and generate human language, utilizing linguistic analysis"", ""max_score"": 0.6031746270164611, ""sum_score"": 0.6031746270164611, ""hits"": 1, ""chunk_indices"": [1], ""best_e5_score"": 0.802609920501709, ""best_lexical_score"": 0.007936507936507936, ""retrieval_score"": 0.6231746270164611, ""rank"": 9}, {""skill_name_en"": ""Artificial intelligence application in product development"", ""description_en"": ""Utilizing AI algorithms and techniques to enhance and streamline the process of creating and improving digital products and services"", ""max_score"": 0.5607054835274106, ""sum_score"": 0.5607054835274106, ""hits"": 1, ""chunk_indices"": [1], ""best_e5_score"": 0.7963576912879944, ""best_lexical_score"": 0.023809523809523808, ""retrieval_score"": 0.5807054835274106, ""rank"": 10}]",42.658,success
SQL_Foundations_for_Data_Science.pptx,"[""SQL basics"", ""JOIN operations"", ""data manipulation language (DML)"", ""SQL WHERE clause"", ""SQL ORDER BY clause"", ""SQL LIMIT clause"", ""SQL JOIN operations""]","[""Database management and configuration"", ""Data collection and analysis""]",Beginner,0.85,"The document evidence clearly supports the competencies of 'Database management and configuration' and 'Data collection and analysis'. The content focuses extensively on SQL basics, including SELECT, INSERT, UPDATE, DELETE, and JOIN operations, which are fundamental to managing and manipulating data in databases. Additionally, the document discusses filtering, aggregating, and joining data, which are key aspects of data collection and analysis. There is no evidence to support the other provided competencies.",2,"[{""skill_name_en"": ""Pre-sales preparation"", ""description_en"": ""Preparation to achieve monthly/weekly/daily sales objective"", ""max_score"": 0.6033058089658249, ""sum_score"": 1.2064804359822858, ""hits"": 2, ""chunk_indices"": [1, 2], ""best_e5_score"": 0.7972584366798401, ""best_lexical_score"": 0.008264462809917356, ""retrieval_score"": 0.6433058089658249, ""rank"": 1}, {""skill_name_en"": ""Web pages optimization"", ""description_en"": ""Optimizing web pages for maximum speed and scalability"", ""max_score"": 0.5891347527503967, ""sum_score"": 0.5891347527503967, ""hits"": 1, ""chunk_indices"": [2], ""best_e5_score"": 0.795955240726471, ""best_lexical_score"": 0.0, ""retrieval_score"": 0.6091347527503967, ""rank"": 2}, {""skill_name_en"": ""Knowledge of big data tools and platforms"", ""description_en"": ""Knowledge of big data tools and platforms to access data and run models"", ""max_score"": 0.5685845536633957, ""sum_score"": 1.0855560825719586, ""hits"": 2, ""chunk_indices"": [1, 2], ""best_e5_score"": 0.7930939197540283, ""best_lexical_score"": 0.008264462809917356, ""retrieval_score"": 0.6085845536633957, ""rank"": 3}, {""skill_name_en"": ""Data sharing"", ""description_en"": ""Assess the value of data to achieve a competitive advantage and business objectives"", ""max_score"": 0.5786806191294647, ""sum_score"": 0.5786806191294647, ""hits"": 1, ""chunk_indices"": [2], ""best_e5_score"": 0.7939083576202393, ""best_lexical_score"": 0.01652892561983471, ""retrieval_score"": 0.5986806191294647, ""rank"": 4}, {""skill_name_en"": ""Database modelling"", ""description_en"": ""Proficient in developing data models to structure and represent information, facilitating effective analysis and decision-making in the digital sector"", ""max_score"": 0.545197129817236, ""sum_score"": 0.545197129817236, ""hits"": 1, ""chunk_indices"": [1], ""best_e5_score"": 0.8136434555053711, ""best_lexical_score"": 0.023809523809523808, ""retrieval_score"": 0.565197129817236, ""rank"": 5}, {""skill_name_en"": ""Data collection and analysis"", ""description_en"": ""To gather, analyze, test and verify data from different source inputs."", ""max_score"": 0.5379218382283676, ""sum_score"": 0.5379218382283676, ""hits"": 1, ""chunk_indices"": [2], ""best_e5_score"": 0.7894161939620972, ""best_lexical_score"": 0.008264462809917356, ""retrieval_score"": 0.5579218382283676, ""rank"": 6}, {""skill_name_en"": ""Database management and configuration"", ""description_en"": ""Manage databases that store customer, product, and transaction data. This includes knowledge of database management systems like MySQL, PostgreSQL, or MongoDB"", ""max_score"": 0.5296218996956235, ""sum_score"": 0.5296218996956235, ""hits"": 1, ""chunk_indices"": [1], ""best_e5_score"": 0.8111330270767212, ""best_lexical_score"": 0.023809523809523808, ""retrieval_score"": 0.5496218996956235, ""rank"": 7}, {""skill_name_en"": ""Data warehousing"", ""description_en"": ""Installing, configuring, monitoring, maintaining and improving the performance of databases and data stores."", ""max_score"": 0.5076264740928771, ""sum_score"": 0.5076264740928771, ""hits"": 1, ""chunk_indices"": [1], ""best_e5_score"": 0.8086111545562744, ""best_lexical_score"": 0.007936507936507936, ""retrieval_score"": 0.5276264740928771, ""rank"": 8}]",13.541,success
WK2_D1_Quiz1_IntroToML_LectureNotebook.xlsx,"[""CRISP-DM process"", ""intersection of skills in data science"", ""difference between traditional programming and machine learning""]","[""Machine Learning (ML)""]",Beginner,0.8,"The document evidence directly mentions the CRISP-DM process, which includes the phase of 'modeling' where machine learning algorithms are applied. Additionally, the content discusses the key difference between traditional programming and machine learning, indicating an understanding of machine learning concepts. Therefore, the evidence strongly supports the selection of the 'Machine Learning (ML)' competency.",1,"[{""skill_name_en"": ""Machine Learning (ML)"", ""description_en"": ""Develop, implement, and optimize algorithms for automated learning and decision-making utilizing tools such as deep learning (DL), supervised and unsupervised learning, and reinforcement learning"", ""max_score"": 0.620686322113253, ""sum_score"": 0.620686322113253, ""hits"": 1, ""chunk_indices"": [1], ""best_e5_score"": 0.8253285884857178, ""best_lexical_score"": 0.05660377358490566, ""retrieval_score"": 0.640686322113253, ""rank"": 1}, {""skill_name_en"": ""Database modelling"", ""description_en"": ""Proficient in developing data models to structure and represent information, facilitating effective analysis and decision-making in the digital sector"", ""max_score"": 0.6075471936531787, ""sum_score"": 0.6075471936531787, ""hits"": 1, ""chunk_indices"": [1], ""best_e5_score"": 0.8256480693817139, ""best_lexical_score"": 0.018867924528301886, ""retrieval_score"": 0.6275471936531787, ""rank"": 2}, {""skill_name_en"": ""Knowledge of big data tools and platforms"", ""description_en"": ""Knowledge of big data tools and platforms to access data and run models"", ""max_score"": 0.6025029418603429, ""sum_score"": 0.6025029418603429, ""hits"": 1, ""chunk_indices"": [1], ""best_e5_score"": 0.8235906362533569, ""best_lexical_score"": 0.03773584905660377, ""retrieval_score"": 0.6225029418603429, ""rank"": 3}, {""skill_name_en"": ""Data processing"", ""description_en"": ""Proficient in utilizing a variety of analytic tools, databases, and techniques to extract valuable insights and enhance decision-making"", ""max_score"": 0.5917764006920581, ""sum_score"": 0.5917764006920581, ""hits"": 1, ""chunk_indices"": [1], ""best_e5_score"": 0.8230711221694946, ""best_lexical_score"": 0.018867924528301886, ""retrieval_score"": 0.6117764006920581, ""rank"": 4}, {""skill_name_en"": ""3D modelling"", ""description_en"": ""Generate 3D models using a variety of modelling software to represent characteristics of a real-world system"", ""max_score"": 0.5667238979969385, ""sum_score"": 0.5667238979969385, ""hits"": 1, ""chunk_indices"": [1], ""best_e5_score"": 0.819594144821167, ""best_lexical_score"": 0.009433962264150943, ""retrieval_score"": 0.5867238979969385, ""rank"": 5}]",8.111,success
WK4_D2_Quiz2_EnsembleLearningScenarios_Afternoon.xlsx,"[""gradient boosting"", ""ensemble interpretability"", ""overfitting in machine learning""]","[""Machine Learning (ML)""]",Intermediate,0.8,"The document evidence directly discusses advanced machine learning concepts such as gradient boosting, ensemble interpretability, and overfitting. The content includes questions and explanations related to these topics, which are core aspects of machine learning. Therefore, the 'Machine Learning (ML)' competency is genuinely supported by the document content.",1,"[{""skill_name_en"": ""Knowledge of big data tools and platforms"", ""description_en"": ""Knowledge of big data tools and platforms to access data and run models"", ""max_score"": 0.6034482997039269, ""sum_score"": 0.6034482997039269, ""hits"": 1, ""chunk_indices"": [1], ""best_e5_score"": 0.8082358241081238, ""best_lexical_score"": 0.008620689655172414, ""retrieval_score"": 0.6234482997039269, ""rank"": 1}, {""skill_name_en"": ""3D modelling"", ""description_en"": ""Generate 3D models using a variety of modelling software to represent characteristics of a real-world system"", ""max_score"": 0.5805237889289856, ""sum_score"": 0.5805237889289856, ""hits"": 1, ""chunk_indices"": [1], ""best_e5_score"": 0.8056710958480835, ""best_lexical_score"": 0.0, ""retrieval_score"": 0.6005237889289856, ""rank"": 2}, {""skill_name_en"": ""Database modelling"", ""description_en"": ""Proficient in developing data models to structure and represent information, facilitating effective analysis and decision-making in the digital sector"", ""max_score"": 0.5756139122206589, ""sum_score"": 0.5756139122206589, ""hits"": 1, ""chunk_indices"": [1], ""best_e5_score"": 0.8041163682937622, ""best_lexical_score"": 0.017241379310344827, ""retrieval_score"": 0.595613912220659, ""rank"": 3}, {""skill_name_en"": ""Data processing"", ""description_en"": ""Proficient in utilizing a variety of analytic tools, databases, and techniques to extract valuable insights and enhance decision-making"", ""max_score"": 0.5750554166991135, ""sum_score"": 0.5750554166991135, ""hits"": 1, ""chunk_indices"": [1], ""best_e5_score"": 0.8040428161621094, ""best_lexical_score"": 0.017241379310344827, ""retrieval_score"": 0.5950554166991135, ""rank"": 4}, {""skill_name_en"": ""Machine Learning (ML)"", ""description_en"": ""Develop, implement, and optimize algorithms for automated learning and decision-making utilizing tools such as deep learning (DL), supervised and unsupervised learning, and reinforcement learning"", ""max_score"": 0.57058306973556, ""sum_score"": 0.57058306973556, ""hits"": 1, ""chunk_indices"": [1], ""best_e5_score"": 0.8029997944831848, ""best_lexical_score"": 0.02586206896551724, ""retrieval_score"": 0.59058306973556, ""rank"": 5}]",7.395,success
