file_name,predicted_tags,proposed_competencies,difficulty_level,confidence,notes,chunk_count,retrieval_candidates
Decision Trees Revised.pptx,"[""Decision Trees"", ""Gini Impurity"", ""Pruning Decision Trees"", ""Decision Tree Pruning"", ""Pre-pruning Technique"", ""Post-pruning Technique""]","[""Machine Learning (ML)""]",Intermediate,0.85,"The document evidence clearly covers the concepts of decision trees, Gini impurity, and pruning techniques, which are fundamental aspects of machine learning. The content provides a detailed explanation of how decision trees work and the techniques used to avoid overfitting, making it suitable for an intermediate level of understanding in machine learning.",2,"[{""skill_name_en"": ""Data processing"", ""description_en"": ""Proficient in utilizing a variety of analytic tools, databases, and techniques to extract valuable insights and enhance decision-making"", ""max_score"": 0.6184941149527027, ""sum_score"": 0.6184941149527027, ""hits"": 1, ""chunk_indices"": [2], ""best_e5_score"": 0.8070752620697021, ""best_lexical_score"": 0.056451612903225805, ""retrieval_score"": 0.6384941149527027, ""rank"": 1}, {""skill_name_en"": ""Data sharing"", ""description_en"": ""Assess the value of data to achieve a competitive advantage and business objectives"", ""max_score"": 0.5956412729867008, ""sum_score"": 1.1831146870078544, ""hits"": 2, ""chunk_indices"": [1, 2], ""best_e5_score"": 0.7976393699645996, ""best_lexical_score"": 0.027522935779816515, ""retrieval_score"": 0.6356412729867008, ""rank"": 2}, {""skill_name_en"": ""RAN architecture"", ""description_en"": ""Understand various RAN architecture and Open RAN standards (Split-0, Split-2, Split-6, Split-7.2). Acquire in-depth knowledge of Open RAN components (O-RU, o-DU, O-CU)"", ""max_score"": 0.6129032496483096, ""sum_score"": 0.6129032496483096, ""hits"": 1, ""chunk_indices"": [2], ""best_e5_score"": 0.807610273361206, ""best_lexical_score"": 0.03225806451612903, ""retrieval_score"": 0.6329032496483096, ""rank"": 3}, {""skill_name_en"": ""Machine Learning (ML)"", ""description_en"": ""Develop, implement, and optimize algorithms for automated learning and decision-making utilizing tools such as deep learning (DL), supervised and unsupervised learning, and reinforcement learning"", ""max_score"": 0.6055046109978213, ""sum_score"": 0.6055046109978213, ""hits"": 1, ""chunk_indices"": [1], ""best_e5_score"": 0.799399733543396, ""best_lexical_score"": 0.013761467889908258, ""retrieval_score"": 0.6255046109978213, ""rank"": 4}, {""skill_name_en"": ""Natural language Processing (NLP)"", ""description_en"": ""Design algorithms that enable computers to understand, interpret, and generate human language, utilizing linguistic analysis"", ""max_score"": 0.5963079719368471, ""sum_score"": 0.5963079719368471, ""hits"": 1, ""chunk_indices"": [1], ""best_e5_score"": 0.7983462810516357, ""best_lexical_score"": 0.013761467889908258, ""retrieval_score"": 0.6163079719368472, ""rank"": 5}, {""skill_name_en"": ""Pre-sales preparation"", ""description_en"": ""Preparation to achieve monthly/weekly/daily sales objective"", ""max_score"": 0.5761683443270692, ""sum_score"": 1.1460918109633578, ""hits"": 2, ""chunk_indices"": [1, 2], ""best_e5_score"": 0.796249508857727, ""best_lexical_score"": 0.009174311926605505, ""retrieval_score"": 0.6161683443270692, ""rank"": 6}, {""skill_name_en"": ""Knowledge of big data tools and platforms"", ""description_en"": ""Knowledge of big data tools and platforms to access data and run models"", ""max_score"": 0.5854848939344424, ""sum_score"": 0.5854848939344424, ""hits"": 1, ""chunk_indices"": [1], ""best_e5_score"": 0.7968963384628296, ""best_lexical_score"": 0.01834862385321101, ""retrieval_score"": 0.6054848939344424, ""rank"": 7}, {""skill_name_en"": ""Web pages optimization"", ""description_en"": ""Optimizing web pages for maximum speed and scalability"", ""max_score"": 0.5765609206691865, ""sum_score"": 0.5765609206691865, ""hits"": 1, ""chunk_indices"": [2], ""best_e5_score"": 0.8036969900131226, ""best_lexical_score"": 0.016129032258064516, ""retrieval_score"": 0.5965609206691865, ""rank"": 8}]"
HandsOn1_Window_Functions.md,"[""Window Functions"", ""Partitioning"", ""Cumulative Sum"", ""Moving Average"", ""LAG() window function"", ""NTILE() window function"", ""cumulative sum calculation""]","[""Data processing"", ""Data preparation""]",Intermediate,0.85,"The document evidence clearly demonstrates the use of various SQL window functions, including cumulative sum, moving average, LAG(), and NTILE(). These topics fall under the skills of data processing and data preparation. The content explains how to use these functions to manipulate and analyze data, which is essential for extracting valuable insights and preparing comprehensive data warehouses for analytical purposes.",2,"[{""skill_name_en"": ""Data sharing"", ""description_en"": ""Assess the value of data to achieve a competitive advantage and business objectives"", ""max_score"": 0.6164948692026827, ""sum_score"": 1.0800723182995062, ""hits"": 2, ""chunk_indices"": [1, 2], ""best_e5_score"": 0.7974462509155273, ""best_lexical_score"": 0.041237113402061855, ""retrieval_score"": 0.6564948692026827, ""rank"": 1}, {""skill_name_en"": ""Pre-sales preparation"", ""description_en"": ""Preparation to achieve monthly/weekly/daily sales objective"", ""max_score"": 0.6075471936531787, ""sum_score"": 0.6075471936531787, ""hits"": 1, ""chunk_indices"": [2], ""best_e5_score"": 0.8110368251800537, ""best_lexical_score"": 0.018867924528301886, ""retrieval_score"": 0.6275471936531787, ""rank"": 2}, {""skill_name_en"": ""Web pages optimization"", ""description_en"": ""Optimizing web pages for maximum speed and scalability"", ""max_score"": 0.5703527567312889, ""sum_score"": 0.5703527567312889, ""hits"": 1, ""chunk_indices"": [1], ""best_e5_score"": 0.7938113212585449, ""best_lexical_score"": 0.010309278350515464, ""retrieval_score"": 0.590352756731289, ""rank"": 3}, {""skill_name_en"": ""Data processing"", ""description_en"": ""Proficient in utilizing a variety of analytic tools, databases, and techniques to extract valuable insights and enhance decision-making"", ""max_score"": 0.5692906131449434, ""sum_score"": 0.5692906131449434, ""hits"": 1, ""chunk_indices"": [1], ""best_e5_score"": 0.7923654317855835, ""best_lexical_score"": 0.041237113402061855, ""retrieval_score"": 0.5892906131449435, ""rank"": 4}, {""skill_name_en"": ""Knowledge of big data tools and platforms"", ""description_en"": ""Knowledge of big data tools and platforms to access data and run models"", ""max_score"": 0.5353672380299912, ""sum_score"": 0.9526223315340392, ""hits"": 2, ""chunk_indices"": [1, 2], ""best_e5_score"": 0.7896018028259277, ""best_lexical_score"": 0.020618556701030927, ""retrieval_score"": 0.5753672380299912, ""rank"": 5}, {""skill_name_en"": ""Data warehousing"", ""description_en"": ""Installing, configuring, monitoring, maintaining and improving the performance of databases and data stores."", ""max_score"": 0.5519680256696091, ""sum_score"": 0.5519680256696091, ""hits"": 1, ""chunk_indices"": [1], ""best_e5_score"": 0.7913886308670044, ""best_lexical_score"": 0.020618556701030927, ""retrieval_score"": 0.5719680256696091, ""rank"": 6}, {""skill_name_en"": ""Data preparation"", ""description_en"": ""Collect and clean data as well as data extraction, transformation, and loading (ETL) and creating comprehensive data warehouses for analytical purposes"", ""max_score"": 0.46725608890161574, ""sum_score"": 0.46725608890161574, ""hits"": 1, ""chunk_indices"": [2], ""best_e5_score"": 0.7877274751663208, ""best_lexical_score"": 0.025157232704402517, ""retrieval_score"": 0.48725608890161576, ""rank"": 7}, {""skill_name_en"": ""Data collection and analysis"", ""description_en"": ""To gather, analyze, test and verify data from different source inputs."", ""max_score"": 0.44597421071064547, ""sum_score"": 0.44597421071064547, ""hits"": 1, ""chunk_indices"": [2], ""best_e5_score"": 0.7838431596755981, ""best_lexical_score"": 0.031446540880503145, ""retrieval_score"": 0.4659742107106455, ""rank"": 8}]"
Introduction to Pandas_.pptx,"[""Pandas Library"", ""DataFrames"", ""Series (Pandas)"", ""duplicate index labels"", ""concatenating DataFrames"", ""MultiIndex""]","[""Data preparation""]",Beginner,0.8,"The document evidence clearly introduces the basic concepts of the Pandas library, including its primary data structures: Series and DataFrame. It explains how these structures help manage and analyze data more effectively compared to using separate lists or arrays. This content meaningfully teaches and demonstrates the skills required for data preparation, such as organizing, cleaning, and exploring data. The slides also discuss the importance of checking for duplicate index labels and creating MultiIndex, which are key aspects of data preparation and manipulation.",2,"[{""skill_name_en"": ""Data sharing"", ""description_en"": ""Assess the value of data to achieve a competitive advantage and business objectives"", ""max_score"": 0.618750023841858, ""sum_score"": 1.1818603451831922, ""hits"": 2, ""chunk_indices"": [1, 2], ""best_e5_score"": 0.8028132915496826, ""best_lexical_score"": 0.046875, ""retrieval_score"": 0.658750023841858, ""rank"": 1}, {""skill_name_en"": ""Data collection and analysis"", ""description_en"": ""To gather, analyze, test and verify data from different source inputs."", ""max_score"": 0.6129729968148309, ""sum_score"": 1.221094868763073, ""hits"": 2, ""chunk_indices"": [1, 2], ""best_e5_score"": 0.8187209367752075, ""best_lexical_score"": 0.032432432432432434, ""retrieval_score"": 0.6529729968148309, ""rank"": 2}, {""skill_name_en"": ""Knowledge of big data tools and platforms"", ""description_en"": ""Knowledge of big data tools and platforms to access data and run models"", ""max_score"": 0.5908132195472717, ""sum_score"": 1.1533725408605626, ""hits"": 2, ""chunk_indices"": [1, 2], ""best_e5_score"": 0.7993137240409851, ""best_lexical_score"": 0.0390625, ""retrieval_score"": 0.6308132195472718, ""rank"": 3}, {""skill_name_en"": ""Pre-sales preparation"", ""description_en"": ""Preparation to achieve monthly/weekly/daily sales objective"", ""max_score"": 0.5735104560852051, ""sum_score"": 0.5735104560852051, ""hits"": 1, ""chunk_indices"": [2], ""best_e5_score"": 0.7986363172531128, ""best_lexical_score"": 0.0078125, ""retrieval_score"": 0.5935104560852051, ""rank"": 4}, {""skill_name_en"": ""Web pages optimization"", ""description_en"": ""Optimizing web pages for maximum speed and scalability"", ""max_score"": 0.5725996255874634, ""sum_score"": 0.5725996255874634, ""hits"": 1, ""chunk_indices"": [2], ""best_e5_score"": 0.7980670928955078, ""best_lexical_score"": 0.015625, ""retrieval_score"": 0.5925996255874634, ""rank"": 5}, {""skill_name_en"": ""Data engineering"", ""description_en"": ""Develop and implement efficient and stable processes to collect, store, extract, transform, load and integrate data at various stages in the data pipeline. This also involves processing varying amounts of data from a variety of sources and preparing data in a structure that is easily access and analyzed according to business requirements"", ""max_score"": 0.5245532760748992, ""sum_score"": 0.5245532760748992, ""hits"": 1, ""chunk_indices"": [1], ""best_e5_score"": 0.8062944412231445, ""best_lexical_score"": 0.05405405405405406, ""retrieval_score"": 0.5445532760748992, ""rank"": 6}, {""skill_name_en"": ""Data preparation"", ""description_en"": ""Collect and clean data as well as data extraction, transformation, and loading (ETL) and creating comprehensive data warehouses for analytical purposes"", ""max_score"": 0.5005712656072668, ""sum_score"": 0.5005712656072668, ""hits"": 1, ""chunk_indices"": [1], ""best_e5_score"": 0.8048850893974304, ""best_lexical_score"": 0.021621621621621623, ""retrieval_score"": 0.5205712656072669, ""rank"": 7}]"
Lecture - Decision Trees.ipynb,"[""Decision Tree"", ""Random Forest"", ""Gradient Boosting"", ""Ensemble Learning"", ""tree diagram interpretation"", ""random forest algorithm"", ""Out-of-bag scoring"", ""Feature importance in regression""]","[""Machine Learning (ML)""]",Intermediate,0.85,"The document evidence clearly covers various aspects of machine learning, including decision trees, random forests, gradient boosting, and ensemble learning techniques. The content introduces these concepts, provides code examples, and discusses their implementation using scikit-learn, making it suitable for both beginners and intermediates. This aligns closely with the description of the 'Machine Learning (ML)' competency, which involves developing, implementing, and optimizing algorithms for automated learning and decision-making.",3,"[{""skill_name_en"": ""Knowledge of big data tools and platforms"", ""description_en"": ""Knowledge of big data tools and platforms to access data and run models"", ""max_score"": 0.6105820344238685, ""sum_score"": 1.8252366763396433, ""hits"": 3, ""chunk_indices"": [1, 2, 3], ""best_e5_score"": 0.8045969009399414, ""best_lexical_score"": 0.026455026455026454, ""retrieval_score"": 0.6705820344238684, ""rank"": 1}, {""skill_name_en"": ""3D modelling"", ""description_en"": ""Generate 3D models using a variety of modelling software to represent characteristics of a real-world system"", ""max_score"": 0.5991603885378156, ""sum_score"": 1.6702800071926176, ""hits"": 3, ""chunk_indices"": [1, 2, 3], ""best_e5_score"": 0.8014103174209595, ""best_lexical_score"": 0.017857142857142856, ""retrieval_score"": 0.6591603885378157, ""rank"": 2}, {""skill_name_en"": ""Machine Learning (ML)"", ""description_en"": ""Develop, implement, and optimize algorithms for automated learning and decision-making utilizing tools such as deep learning (DL), supervised and unsupervised learning, and reinforcement learning"", ""max_score"": 0.581327017715999, ""sum_score"": 1.5793527252326398, ""hits"": 3, ""chunk_indices"": [1, 2, 3], ""best_e5_score"": 0.7992005944252014, ""best_lexical_score"": 0.013392857142857142, ""retrieval_score"": 0.6413270177159991, ""rank"": 3}, {""skill_name_en"": ""Pre-sales preparation"", ""description_en"": ""Preparation to achieve monthly/weekly/daily sales objective"", ""max_score"": 0.5902470128876822, ""sum_score"": 0.5902470128876822, ""hits"": 1, ""chunk_indices"": [2], ""best_e5_score"": 0.8006747364997864, ""best_lexical_score"": 0.008928571428571428, ""retrieval_score"": 0.6102470128876822, ""rank"": 4}, {""skill_name_en"": ""Data sharing"", ""description_en"": ""Assess the value of data to achieve a competitive advantage and business objectives"", ""max_score"": 0.5638639262744358, ""sum_score"": 1.101779514456552, ""hits"": 2, ""chunk_indices"": [1, 2], ""best_e5_score"": 0.7960582971572876, ""best_lexical_score"": 0.026785714285714284, ""retrieval_score"": 0.6038639262744359, ""rank"": 5}, {""skill_name_en"": ""Data collection and analysis"", ""description_en"": ""To gather, analyze, test and verify data from different source inputs."", ""max_score"": 0.5094031699120052, ""sum_score"": 1.0091582570850464, ""hits"": 2, ""chunk_indices"": [1, 3], ""best_e5_score"": 0.7873640656471252, ""best_lexical_score"": 0.031746031746031744, ""retrieval_score"": 0.5494031699120052, ""rank"": 6}, {""skill_name_en"": ""Web pages optimization"", ""description_en"": ""Optimizing web pages for maximum speed and scalability"", ""max_score"": 0.48934790598394723, ""sum_score"": 0.48934790598394723, ""hits"": 1, ""chunk_indices"": [3], ""best_e5_score"": 0.7790110111236572, ""best_lexical_score"": 0.009389671361502348, ""retrieval_score"": 0.5093479059839472, ""rank"": 7}]"
Lecture - Pandas Basics.ipynb,"[""Pandas DataFrame"", ""Pandas Series"", ""Boolean Masking"", ""Handling Missing Data"", ""Data Cleaning Techniques"", ""DataFrame Operations"", ""GroupBy Aggregation""]","[""Data collection and analysis""]",Beginner,0.85,"The document evidence clearly demonstrates the introduction of fundamental concepts of Pandas such as DataFrame and Series, along with basic operations like selecting rows and columns using labels and positions, and filtering with boolean conditions. This content meaningfully teaches and explains these skills, making 'Data collection and analysis' a suitable competency. The content also covers basic data cleaning techniques such as handling missing values, which further supports this selection.",2,"[{""skill_name_en"": ""Pre-sales preparation"", ""description_en"": ""Preparation to achieve monthly/weekly/daily sales objective"", ""max_score"": 0.6019900735931016, ""sum_score"": 1.2038419492868115, ""hits"": 2, ""chunk_indices"": [1, 2], ""best_e5_score"": 0.8134000301361084, ""best_lexical_score"": 0.004975124378109453, ""retrieval_score"": 0.6419900735931017, ""rank"": 1}, {""skill_name_en"": ""Knowledge of big data tools and platforms"", ""description_en"": ""Knowledge of big data tools and platforms to access data and run models"", ""max_score"": 0.5494013114355096, ""sum_score"": 1.0587516465919857, ""hits"": 2, ""chunk_indices"": [1, 2], ""best_e5_score"": 0.8042798042297363, ""best_lexical_score"": 0.024875621890547265, ""retrieval_score"": 0.5894013114355097, ""rank"": 2}, {""skill_name_en"": ""Data sharing"", ""description_en"": ""Assess the value of data to achieve a competitive advantage and business objectives"", ""max_score"": 0.5461845967900101, ""sum_score"": 1.0788318148761116, ""hits"": 2, ""chunk_indices"": [1, 2], ""best_e5_score"": 0.8028960227966309, ""best_lexical_score"": 0.03980099502487562, ""retrieval_score"": 0.5861845967900101, ""rank"": 3}, {""skill_name_en"": ""Data collection and analysis"", ""description_en"": ""To gather, analyze, test and verify data from different source inputs."", ""max_score"": 0.5425824208639154, ""sum_score"": 0.5425824208639154, ""hits"": 1, ""chunk_indices"": [1], ""best_e5_score"": 0.8032526969909668, ""best_lexical_score"": 0.024875621890547265, ""retrieval_score"": 0.5625824208639154, ""rank"": 4}, {""skill_name_en"": ""Data preparation"", ""description_en"": ""Collect and clean data as well as data extraction, transformation, and loading (ETL) and creating comprehensive data warehouses for analytical purposes"", ""max_score"": 0.5122837826057717, ""sum_score"": 0.5122837826057717, ""hits"": 1, ""chunk_indices"": [2], ""best_e5_score"": 0.7953521013259888, ""best_lexical_score"": 0.018518518518518517, ""retrieval_score"": 0.5322837826057717, ""rank"": 5}, {""skill_name_en"": ""Data warehousing"", ""description_en"": ""Installing, configuring, monitoring, maintaining and improving the performance of databases and data stores."", ""max_score"": 0.5089736567800911, ""sum_score"": 0.5089736567800911, ""hits"": 1, ""chunk_indices"": [1], ""best_e5_score"": 0.7984901070594788, ""best_lexical_score"": 0.01990049751243781, ""retrieval_score"": 0.5289736567800911, ""rank"": 6}, {""skill_name_en"": ""Data processing"", ""description_en"": ""Proficient in utilizing a variety of analytic tools, databases, and techniques to extract valuable insights and enhance decision-making"", ""max_score"": 0.4740751842657725, ""sum_score"": 0.4740751842657725, ""hits"": 1, ""chunk_indices"": [2], ""best_e5_score"": 0.7872661352157593, ""best_lexical_score"": 0.041666666666666664, ""retrieval_score"": 0.4940751842657725, ""rank"": 7}]"
Lecture_ML_Workflow.ipynb,"[""linear regression"", ""train-test split"", ""evaluation metrics (MAE, RMSE, R-squared)"", ""Mean Absolute Error (MAE)"", ""Root Mean Squared Error (RMSE)"", ""R-squared (R²)"", ""Feature Importance"", ""Model Evaluation""]","[""Machine Learning (ML)""]",Beginner,0.85,"The document evidence clearly covers fundamental concepts of the machine learning workflow, including train-test split, evaluation metrics (MAE, RMSE, R-squared), fitting, predicting, and evaluating a regression model. The content also touches on saving and loading models, which are all core aspects of machine learning. Therefore, the 'Machine Learning (ML)' competency is genuinely supported by the document content.",3,"[{""skill_name_en"": ""Knowledge of big data tools and platforms"", ""description_en"": ""Knowledge of big data tools and platforms to access data and run models"", ""max_score"": 0.6074418843069742, ""sum_score"": 1.7693541761956137, ""hits"": 3, ""chunk_indices"": [1, 2, 3], ""best_e5_score"": 0.8010931015014648, ""best_lexical_score"": 0.018604651162790697, ""retrieval_score"": 0.6674418843069743, ""rank"": 1}, {""skill_name_en"": ""Pre-sales preparation"", ""description_en"": ""Preparation to achieve monthly/weekly/daily sales objective"", ""max_score"": 0.601793745814952, ""sum_score"": 1.7391473009073652, ""hits"": 3, ""chunk_indices"": [1, 2, 3], ""best_e5_score"": 0.800820529460907, ""best_lexical_score"": 0.004484304932735426, ""retrieval_score"": 0.6617937458149521, ""rank"": 2}, {""skill_name_en"": ""Machine Learning (ML)"", ""description_en"": ""Develop, implement, and optimize algorithms for automated learning and decision-making utilizing tools such as deep learning (DL), supervised and unsupervised learning, and reinforcement learning"", ""max_score"": 0.6166666905085246, ""sum_score"": 0.6166666905085246, ""hits"": 1, ""chunk_indices"": [1], ""best_e5_score"": 0.8141103982925415, ""best_lexical_score"": 0.041666666666666664, ""retrieval_score"": 0.6366666905085246, ""rank"": 3}, {""skill_name_en"": ""Data sharing"", ""description_en"": ""Assess the value of data to achieve a competitive advantage and business objectives"", ""max_score"": 0.5885870042403183, ""sum_score"": 1.111805217310589, ""hits"": 2, ""chunk_indices"": [2, 3], ""best_e5_score"": 0.7978638410568237, ""best_lexical_score"": 0.02242152466367713, ""retrieval_score"": 0.6285870042403183, ""rank"": 4}, {""skill_name_en"": ""3D modelling"", ""description_en"": ""Generate 3D models using a variety of modelling software to represent characteristics of a real-world system"", ""max_score"": 0.5875122930971496, ""sum_score"": 1.141682943368632, ""hits"": 2, ""chunk_indices"": [2, 3], ""best_e5_score"": 0.7979681491851807, ""best_lexical_score"": 0.017937219730941704, ""retrieval_score"": 0.6275122930971496, ""rank"": 5}, {""skill_name_en"": ""Data collection and analysis"", ""description_en"": ""To gather, analyze, test and verify data from different source inputs."", ""max_score"": 0.5800941914735839, ""sum_score"": 1.1352274503284852, ""hits"": 2, ""chunk_indices"": [1, 3], ""best_e5_score"": 0.796562135219574, ""best_lexical_score"": 0.027906976744186046, ""retrieval_score"": 0.6200941914735839, ""rank"": 6}, {""skill_name_en"": ""Web pages optimization"", ""description_en"": ""Optimizing web pages for maximum speed and scalability"", ""max_score"": 0.5317046834214386, ""sum_score"": 0.5317046834214386, ""hits"": 1, ""chunk_indices"": [2], ""best_e5_score"": 0.7903927564620972, ""best_lexical_score"": 0.008968609865470852, ""retrieval_score"": 0.5517046834214386, ""rank"": 7}, {""skill_name_en"": ""Programming"", ""description_en"": ""Designing and coding automated software bots to perform repetitive, rule-based tasks typically done by humans. This includes tasks like data entry, processing transactions, or managing emails"", ""max_score"": 0.5271348065800137, ""sum_score"": 0.5271348065800137, ""hits"": 1, ""chunk_indices"": [1], ""best_e5_score"": 0.8035304546356201, ""best_lexical_score"": 0.027777777777777776, ""retrieval_score"": 0.5471348065800137, ""rank"": 8}]"
ML Workflow Introduction.pptx,"[""machine learning workflow"", ""data loading"", ""data labeling"", ""data exploration"", ""train/test split"", ""model training"", ""prediction"", ""model evaluation""]","[""Machine Learning (ML)""]",Beginner,0.8,"The document evidence clearly covers fundamental steps in a machine learning workflow, including data loading, data labeling, data exploration, train/test split, model training, prediction, and model evaluation. This aligns directly with the 'Machine Learning (ML)' competency, which involves developing, implementing, and optimizing algorithms for automated learning and decision-making using various machine learning techniques.",2,"[{""skill_name_en"": ""Knowledge of big data tools and platforms"", ""description_en"": ""Knowledge of big data tools and platforms to access data and run models"", ""max_score"": 0.6121951457930774, ""sum_score"": 1.2081533636028625, ""hits"": 2, ""chunk_indices"": [1, 2], ""best_e5_score"": 0.8135640621185303, ""best_lexical_score"": 0.03048780487804878, ""retrieval_score"": 0.6521951457930775, ""rank"": 1}, {""skill_name_en"": ""Machine Learning (ML)"", ""description_en"": ""Develop, implement, and optimize algorithms for automated learning and decision-making utilizing tools such as deep learning (DL), supervised and unsupervised learning, and reinforcement learning"", ""max_score"": 0.611320778558839, ""sum_score"": 1.206384190166814, ""hits"": 2, ""chunk_indices"": [1, 2], ""best_e5_score"": 0.8155698180198669, ""best_lexical_score"": 0.02830188679245283, ""retrieval_score"": 0.6513207785588391, ""rank"": 2}, {""skill_name_en"": ""Data collection and analysis"", ""description_en"": ""To gather, analyze, test and verify data from different source inputs."", ""max_score"": 0.6085362573949302, ""sum_score"": 1.1333470929453464, ""hits"": 2, ""chunk_indices"": [1, 2], ""best_e5_score"": 0.8127306699752808, ""best_lexical_score"": 0.036585365853658534, ""retrieval_score"": 0.6485362573949303, ""rank"": 3}, {""skill_name_en"": ""Pre-sales preparation"", ""description_en"": ""Preparation to achieve monthly/weekly/daily sales objective"", ""max_score"": 0.5845764325886238, ""sum_score"": 1.1316818789902559, ""hits"": 2, ""chunk_indices"": [1, 2], ""best_e5_score"": 0.8107894659042358, ""best_lexical_score"": 0.012195121951219513, ""retrieval_score"": 0.6245764325886238, ""rank"": 4}, {""skill_name_en"": ""Data sharing"", ""description_en"": ""Assess the value of data to achieve a competitive advantage and business objectives"", ""max_score"": 0.5735901710463733, ""sum_score"": 0.5735901710463733, ""hits"": 1, ""chunk_indices"": [2], ""best_e5_score"": 0.8082879781723022, ""best_lexical_score"": 0.03048780487804878, ""retrieval_score"": 0.5935901710463733, ""rank"": 5}, {""skill_name_en"": ""3D modelling"", ""description_en"": ""Generate 3D models using a variety of modelling software to represent characteristics of a real-world system"", ""max_score"": 0.5156039444905407, ""sum_score"": 0.5156039444905407, ""hits"": 1, ""chunk_indices"": [1], ""best_e5_score"": 0.7998613119125366, ""best_lexical_score"": 0.02830188679245283, ""retrieval_score"": 0.5356039444905407, ""rank"": 6}]"
Prompt_Engineering.ipynb,"[""prompt engineering"", ""chat roles and templates"", ""zero-shot prompting"", ""few-shot prompting"", ""chain-of-thought prompting"", ""prompt evaluation"", ""structured outputs"", ""constrained decoding""]","[""Natural language Processing (NLP)""]",Intermediate,0.85,"The document evidence extensively covers various aspects of prompt engineering, including zero-shot prompting, few-shot prompting, chain-of-thought prompting, and prompt evaluation. These topics are core to NLP, focusing on designing algorithms that enable computers to understand, interpret, and generate human language. The content also discusses constrained decoding and schema validation, which are techniques commonly used in NLP to ensure the quality and correctness of generated text.",7,"[{""skill_name_en"": ""3D modelling"", ""description_en"": ""Generate 3D models using a variety of modelling software to represent characteristics of a real-world system"", ""max_score"": 0.6109289855904918, ""sum_score"": 2.302701441059484, ""hits"": 4, ""chunk_indices"": [3, 4, 5, 7], ""best_e5_score"": 0.800809383392334, ""best_lexical_score"": 0.0273224043715847, ""retrieval_score"": 0.6709289855904919, ""rank"": 1}, {""skill_name_en"": ""Programming"", ""description_en"": ""Designing and coding automated software bots to perform repetitive, rule-based tasks typically done by humans. This includes tasks like data entry, processing transactions, or managing emails"", ""max_score"": 0.6100502750981394, ""sum_score"": 2.274281830914602, ""hits"": 4, ""chunk_indices"": [1, 3, 4, 6], ""best_e5_score"": 0.8002136945724487, ""best_lexical_score"": 0.02512562814070352, ""retrieval_score"": 0.6700502750981394, ""rank"": 2}, {""skill_name_en"": ""Knowledge of big data tools and platforms"", ""description_en"": ""Knowledge of big data tools and platforms to access data and run models"", ""max_score"": 0.6065934304352645, ""sum_score"": 2.917659618465769, ""hits"": 5, ""chunk_indices"": [1, 2, 5, 6, 7], ""best_e5_score"": 0.7730659246444702, ""best_lexical_score"": 0.016483516483516484, ""retrieval_score"": 0.6665934304352645, ""rank"": 3}, {""skill_name_en"": ""Natural language Processing (NLP)"", ""description_en"": ""Design algorithms that enable computers to understand, interpret, and generate human language, utilizing linguistic analysis"", ""max_score"": 0.6059113538911189, ""sum_score"": 2.376501502706412, ""hits"": 4, ""chunk_indices"": [1, 3, 4, 7], ""best_e5_score"": 0.7924669981002808, ""best_lexical_score"": 0.014778325123152709, ""retrieval_score"": 0.665911353891119, ""rank"": 4}, {""skill_name_en"": ""Data collection and analysis"", ""description_en"": ""To gather, analyze, test and verify data from different source inputs."", ""max_score"": 0.6039348843333485, ""sum_score"": 2.8262119012099682, ""hits"": 5, ""chunk_indices"": [2, 4, 5, 6, 7], ""best_e5_score"": 0.7730002403259277, ""best_lexical_score"": 0.01098901098901099, ""retrieval_score"": 0.6639348843333486, ""rank"": 5}, {""skill_name_en"": ""Pre-sales preparation"", ""description_en"": ""Preparation to achieve monthly/weekly/daily sales objective"", ""max_score"": 0.6018957584390143, ""sum_score"": 2.248461802147748, ""hits"": 4, ""chunk_indices"": [2, 3, 5, 6], ""best_e5_score"": 0.7868180871009827, ""best_lexical_score"": 0.004739336492890996, ""retrieval_score"": 0.6618957584390144, ""rank"": 6}, {""skill_name_en"": ""IoT tech design and development"", ""description_en"": ""Install, program, design and test IoT devices and networks"", ""max_score"": 0.5796679518244288, ""sum_score"": 1.6857965266107837, ""hits"": 3, ""chunk_indices"": [1, 3, 5], ""best_e5_score"": 0.7953458428382874, ""best_lexical_score"": 0.009009009009009009, ""retrieval_score"": 0.6396679518244288, ""rank"": 7}, {""skill_name_en"": ""Machine Learning (ML)"", ""description_en"": ""Develop, implement, and optimize algorithms for automated learning and decision-making utilizing tools such as deep learning (DL), supervised and unsupervised learning, and reinforcement learning"", ""max_score"": 0.5822965019312336, ""sum_score"": 1.1550771630416392, ""hits"": 2, ""chunk_indices"": [1, 4], ""best_e5_score"": 0.7967273592948914, ""best_lexical_score"": 0.020100502512562814, ""retrieval_score"": 0.6222965019312336, ""rank"": 8}, {""skill_name_en"": ""Data sharing"", ""description_en"": ""Assess the value of data to achieve a competitive advantage and business objectives"", ""max_score"": 0.5648298199707863, ""sum_score"": 1.088617038597091, ""hits"": 2, ""chunk_indices"": [2, 6], ""best_e5_score"": 0.7801973819732666, ""best_lexical_score"": 0.02843601895734597, ""retrieval_score"": 0.6048298199707863, ""rank"": 9}, {""skill_name_en"": ""Web pages optimization"", ""description_en"": ""Optimizing web pages for maximum speed and scalability"", ""max_score"": 0.5516142426508863, ""sum_score"": 0.5516142426508863, ""hits"": 1, ""chunk_indices"": [2], ""best_e5_score"": 0.7793961763381958, ""best_lexical_score"": 0.009478672985781991, ""retrieval_score"": 0.5716142426508863, ""rank"": 10}]"
README_STUDENTS.md,"[""content tagging model"", ""machine learning model evaluation"", ""structured data output""]","[""Data collection and analysis""]",Intermediate,0.85,"The document evidence clearly focuses on building and evaluating a content tagging model, which involves collecting and analyzing learning content to generate structured tags. The required output per content item includes detailed analysis such as identifying key topics, difficulty levels, and confidence scores, which aligns closely with the 'Data collection and analysis' competency. While other competencies like 'Database modelling' could be tangentially related, the document specifically emphasizes the collection and analysis of content data for tagging purposes.",1,"[{""skill_name_en"": ""Data sharing"", ""description_en"": ""Assess the value of data to achieve a competitive advantage and business objectives"", ""max_score"": 0.6215384853803194, ""sum_score"": 0.6215384853803194, ""hits"": 1, ""chunk_indices"": [1], ""best_e5_score"": 0.8101211786270142, ""best_lexical_score"": 0.05384615384615385, ""retrieval_score"": 0.6415384853803194, ""rank"": 1}, {""skill_name_en"": ""Knowledge of big data tools and platforms"", ""description_en"": ""Knowledge of big data tools and platforms to access data and run models"", ""max_score"": 0.592225564626547, ""sum_score"": 0.592225564626547, ""hits"": 1, ""chunk_indices"": [1], ""best_e5_score"": 0.805819571018219, ""best_lexical_score"": 0.046153846153846156, ""retrieval_score"": 0.612225564626547, ""rank"": 2}, {""skill_name_en"": ""Data collection and analysis"", ""description_en"": ""To gather, analyze, test and verify data from different source inputs."", ""max_score"": 0.576146007501162, ""sum_score"": 0.576146007501162, ""hits"": 1, ""chunk_indices"": [1], ""best_e5_score"": 0.8036876916885376, ""best_lexical_score"": 0.038461538461538464, ""retrieval_score"": 0.596146007501162, ""rank"": 3}, {""skill_name_en"": ""Database modelling"", ""description_en"": ""Proficient in developing data models to structure and represent information, facilitating effective analysis and decision-making in the digital sector"", ""max_score"": 0.5673417821297279, ""sum_score"": 0.5673417821297279, ""hits"": 1, ""chunk_indices"": [1], ""best_e5_score"": 0.8007307052612305, ""best_lexical_score"": 0.06153846153846154, ""retrieval_score"": 0.5873417821297279, ""rank"": 4}, {""skill_name_en"": ""Pre-sales preparation"", ""description_en"": ""Preparation to achieve monthly/weekly/daily sales objective"", ""max_score"": 0.523195708164802, ""sum_score"": 0.523195708164802, ""hits"": 1, ""chunk_indices"": [1], ""best_e5_score"": 0.7965195178985596, ""best_lexical_score"": 0.015384615384615385, ""retrieval_score"": 0.543195708164802, ""rank"": 5}]"
Retrieval_Augmented_Generation.ipynb,"[""Retrieval-Augmented Generation"", ""Context Embedding"", ""Prompt Engineering"", ""Retrieval-Augmented Generation (RAG)"", ""Grounding Instruction"", ""Contextual Answering"", ""context retrieval"", ""citation verification""]","[""Natural language Processing (NLP)""]",Intermediate,0.85,"The document evidence clearly discusses concepts related to Natural Language Processing (NLP), including Retrieval-Augmented Generation (RAG), context embedding, prompt engineering, and evaluation of generative models. These topics directly align with the description of NLP, which involves designing algorithms to enable computers to understand, interpret, and generate human language, utilizing linguistic analysis.",7,"[{""skill_name_en"": ""Data collection and analysis"", ""description_en"": ""To gather, analyze, test and verify data from different source inputs."", ""max_score"": 0.6114832774303747, ""sum_score"": 4.12731417497543, ""hits"": 7, ""chunk_indices"": [1, 2, 3, 4, 5, 6, 7], ""best_e5_score"": 0.8087726831436157, ""best_lexical_score"": 0.028708133971291867, ""retrieval_score"": 0.6714832774303747, ""rank"": 1}, {""skill_name_en"": ""Web pages optimization"", ""description_en"": ""Optimizing web pages for maximum speed and scalability"", ""max_score"": 0.6043716085413114, ""sum_score"": 1.7243729292270347, ""hits"": 3, ""chunk_indices"": [2, 5, 7], ""best_e5_score"": 0.8038754463195801, ""best_lexical_score"": 0.01092896174863388, ""retrieval_score"": 0.6643716085413114, ""rank"": 2}, {""skill_name_en"": ""Knowledge of big data tools and platforms"", ""description_en"": ""Knowledge of big data tools and platforms to access data and run models"", ""max_score"": 0.596476102242103, ""sum_score"": 3.992019171204361, ""hits"": 7, ""chunk_indices"": [1, 2, 3, 4, 5, 6, 7], ""best_e5_score"": 0.7876104712486267, ""best_lexical_score"": 0.015384615384615385, ""retrieval_score"": 0.6564761022421031, ""rank"": 3}, {""skill_name_en"": ""Pre-sales preparation"", ""description_en"": ""Preparation to achieve monthly/weekly/daily sales objective"", ""max_score"": 0.5935918570787478, ""sum_score"": 2.273873274800264, ""hits"": 4, ""chunk_indices"": [2, 3, 4, 6], ""best_e5_score"": 0.787758469581604, ""best_lexical_score"": 0.005128205128205128, ""retrieval_score"": 0.6535918570787478, ""rank"": 4}, {""skill_name_en"": ""3D modelling"", ""description_en"": ""Generate 3D models using a variety of modelling software to represent characteristics of a real-world system"", ""max_score"": 0.6127659812886664, ""sum_score"": 1.173390657243073, ""hits"": 2, ""chunk_indices"": [3, 4], ""best_e5_score"": 0.791565477848053, ""best_lexical_score"": 0.031914893617021274, ""retrieval_score"": 0.6527659812886665, ""rank"": 5}, {""skill_name_en"": ""Communication systems and protocols design"", ""description_en"": ""Familiarize with communication protocols (e.g., DPD, CFR, DUC, DDC). Utilize AI algorithms for the analysis and management of the RAN"", ""max_score"": 0.6123077161495503, ""sum_score"": 1.1703376077499994, ""hits"": 2, ""chunk_indices"": [5, 6], ""best_e5_score"": 0.7887861132621765, ""best_lexical_score"": 0.03076923076923077, ""retrieval_score"": 0.6523077161495503, ""rank"": 6}, {""skill_name_en"": ""Data sharing"", ""description_en"": ""Assess the value of data to achieve a competitive advantage and business objectives"", ""max_score"": 0.5885138517771011, ""sum_score"": 2.8508222825991822, ""hits"": 5, ""chunk_indices"": [2, 3, 4, 5, 6], ""best_e5_score"": 0.7861448526382446, ""best_lexical_score"": 0.02564102564102564, ""retrieval_score"": 0.6485138517771012, ""rank"": 7}, {""skill_name_en"": ""Natural language Processing (NLP)"", ""description_en"": ""Design algorithms that enable computers to understand, interpret, and generate human language, utilizing linguistic analysis"", ""max_score"": 0.6075471936531787, ""sum_score"": 0.6075471936531787, ""hits"": 1, ""chunk_indices"": [1], ""best_e5_score"": 0.7987421154975891, ""best_lexical_score"": 0.018867924528301886, ""retrieval_score"": 0.6275471936531787, ""rank"": 8}, {""skill_name_en"": ""RAN architecture"", ""description_en"": ""Understand various RAN architecture and Open RAN standards (Split-0, Split-2, Split-6, Split-7.2). Acquire in-depth knowledge of Open RAN components (O-RU, o-DU, O-CU)"", ""max_score"": 0.5850532079654964, ""sum_score"": 0.5850532079654964, ""hits"": 1, ""chunk_indices"": [7], ""best_e5_score"": 0.8009971380233765, ""best_lexical_score"": 0.02185792349726776, ""retrieval_score"": 0.6050532079654964, ""rank"": 9}, {""skill_name_en"": ""Machine Learning (ML)"", ""description_en"": ""Develop, implement, and optimize algorithms for automated learning and decision-making utilizing tools such as deep learning (DL), supervised and unsupervised learning, and reinforcement learning"", ""max_score"": 0.5346548258133654, ""sum_score"": 1.0652266162193267, ""hits"": 2, ""chunk_indices"": [1, 7], ""best_e5_score"": 0.7892757058143616, ""best_lexical_score"": 0.018867924528301886, ""retrieval_score"": 0.5746548258133655, ""rank"": 10}]"
SQL_Foundations_for_Data_Science.pptx,"[""SQL"", ""JOIN types"", ""Data Manipulation Language (DML)"", ""SQL WHERE clause"", ""SQL ORDER BY clause"", ""SQL LIMIT clause"", ""SQL DISTINCT keyword""]","[""Database management and configuration"", ""Data collection and analysis""]",Beginner,0.85,"The document evidence clearly supports the skills of database management and configuration through the detailed explanation of SQL commands, join types, and the use of DML (Data Manipulation Language) commands such as SELECT, INSERT, UPDATE, and DELETE. Additionally, the content covers the basics of querying and filtering data, which aligns with the skill of data collection and analysis. The slides provide foundational knowledge necessary for managing and configuring databases, and the examples given demonstrate the practical application of these skills.",2,"[{""skill_name_en"": ""Pre-sales preparation"", ""description_en"": ""Preparation to achieve monthly/weekly/daily sales objective"", ""max_score"": 0.6042780987081681, ""sum_score"": 1.2078336781055814, ""hits"": 2, ""chunk_indices"": [1, 2], ""best_e5_score"": 0.7953343391418457, ""best_lexical_score"": 0.0106951871657754, ""retrieval_score"": 0.6442780987081681, ""rank"": 1}, {""skill_name_en"": ""Data sharing"", ""description_en"": ""Assess the value of data to achieve a competitive advantage and business objectives"", ""max_score"": 0.5994118840299189, ""sum_score"": 1.160168386817191, ""hits"": 2, ""chunk_indices"": [1, 2], ""best_e5_score"": 0.7933140993118286, ""best_lexical_score"": 0.0374331550802139, ""retrieval_score"": 0.6394118840299189, ""rank"": 2}, {""skill_name_en"": ""Database modelling"", ""description_en"": ""Proficient in developing data models to structure and represent information, facilitating effective analysis and decision-making in the digital sector"", ""max_score"": 0.573779064072503, ""sum_score"": 0.573779064072503, ""hits"": 1, ""chunk_indices"": [1], ""best_e5_score"": 0.8105713129043579, ""best_lexical_score"": 0.035555555555555556, ""retrieval_score"": 0.593779064072503, ""rank"": 3}, {""skill_name_en"": ""Knowledge of big data tools and platforms"", ""description_en"": ""Knowledge of big data tools and platforms to access data and run models"", ""max_score"": 0.5474968774433442, ""sum_score"": 1.084803482464503, ""hits"": 2, ""chunk_indices"": [1, 2], ""best_e5_score"": 0.787407398223877, ""best_lexical_score"": 0.0213903743315508, ""retrieval_score"": 0.5874968774433442, ""rank"": 4}, {""skill_name_en"": ""Web pages optimization"", ""description_en"": ""Optimizing web pages for maximum speed and scalability"", ""max_score"": 0.5626878253278885, ""sum_score"": 0.5626878253278885, ""hits"": 1, ""chunk_indices"": [2], ""best_e5_score"": 0.7899349331855774, ""best_lexical_score"": 0.0106951871657754, ""retrieval_score"": 0.5826878253278885, ""rank"": 5}, {""skill_name_en"": ""Database management and configuration"", ""description_en"": ""Manage databases that store customer, product, and transaction data. This includes knowledge of database management systems like MySQL, PostgreSQL, or MongoDB"", ""max_score"": 0.5503186662462023, ""sum_score"": 0.5503186662462023, ""hits"": 1, ""chunk_indices"": [1], ""best_e5_score"": 0.8076198697090149, ""best_lexical_score"": 0.03111111111111111, ""retrieval_score"": 0.5703186662462023, ""rank"": 6}, {""skill_name_en"": ""Data collection and analysis"", ""description_en"": ""To gather, analyze, test and verify data from different source inputs."", ""max_score"": 0.510566674005539, ""sum_score"": 0.510566674005539, ""hits"": 1, ""chunk_indices"": [2], ""best_e5_score"": 0.7826129794120789, ""best_lexical_score"": 0.0213903743315508, ""retrieval_score"": 0.530566674005539, ""rank"": 7}]"
WK2_D1_Quiz1_IntroToML_LectureNotebook.xlsx,"[""CRISP-DM"", ""data science skill areas"", ""supervised vs unsupervised learning""]","[""Machine Learning (ML)""]",Beginner,0.8,"The document evidence directly supports the concept of machine learning, including discussions on supervised and unsupervised learning, and the differences between traditional programming and machine learning. The quiz questions also focus on these aspects, indicating a clear teaching of machine learning concepts.",1,"[{""skill_name_en"": ""Machine Learning (ML)"", ""description_en"": ""Develop, implement, and optimize algorithms for automated learning and decision-making utilizing tools such as deep learning (DL), supervised and unsupervised learning, and reinforcement learning"", ""max_score"": 0.6180000238418579, ""sum_score"": 0.6180000238418579, ""hits"": 1, ""chunk_indices"": [1], ""best_e5_score"": 0.831337571144104, ""best_lexical_score"": 0.045, ""retrieval_score"": 0.6380000238418579, ""rank"": 1}, {""skill_name_en"": ""Database modelling"", ""description_en"": ""Proficient in developing data models to structure and represent information, facilitating effective analysis and decision-making in the digital sector"", ""max_score"": 0.5291112418174744, ""sum_score"": 0.5291112418174744, ""hits"": 1, ""chunk_indices"": [1], ""best_e5_score"": 0.818478524684906, ""best_lexical_score"": 0.03, ""retrieval_score"": 0.5491112418174744, ""rank"": 2}, {""skill_name_en"": ""3D modelling"", ""description_en"": ""Generate 3D models using a variety of modelling software to represent characteristics of a real-world system"", ""max_score"": 0.5000620322227478, ""sum_score"": 0.5000620322227478, ""hits"": 1, ""chunk_indices"": [1], ""best_e5_score"": 0.8145924806594849, ""best_lexical_score"": 0.02, ""retrieval_score"": 0.5200620322227478, ""rank"": 3}, {""skill_name_en"": ""Knowledge of big data tools and platforms"", ""description_en"": ""Knowledge of big data tools and platforms to access data and run models"", ""max_score"": 0.4965862944126129, ""sum_score"": 0.4965862944126129, ""hits"": 1, ""chunk_indices"": [1], ""best_e5_score"": 0.8131224513053894, ""best_lexical_score"": 0.035, ""retrieval_score"": 0.516586294412613, ""rank"": 4}, {""skill_name_en"": ""Data sharing"", ""description_en"": ""Assess the value of data to achieve a competitive advantage and business objectives"", ""max_score"": 0.4851679816246033, ""sum_score"": 0.4851679816246033, ""hits"": 1, ""chunk_indices"": [1], ""best_e5_score"": 0.8113510608673096, ""best_lexical_score"": 0.035, ""retrieval_score"": 0.5051679816246033, ""rank"": 5}]"
WK4_D2_Quiz2_EnsembleLearningScenarios_Afternoon.xlsx,"[""interpretability"", ""ensemble methods"", ""overfitting"", ""CatBoost""]",[],Intermediate,0.85,"The document evidence directly discusses interpretability in the context of machine learning models, specifically mentioning how a single decision tree is easier to explain compared to a large ensemble of boosted trees. This supports the competency of interpretability, which is crucial in regulated settings where clear explanations are necessary.",1,"[{""skill_name_en"": ""Data sharing"", ""description_en"": ""Assess the value of data to achieve a competitive advantage and business objectives"", ""max_score"": 0.6106666905085246, ""sum_score"": 0.6106666905085246, ""hits"": 1, ""chunk_indices"": [1], ""best_e5_score"": 0.8003481030464172, ""best_lexical_score"": 0.02666666666666667, ""retrieval_score"": 0.6306666905085246, ""rank"": 1}, {""skill_name_en"": ""Quantum mechanics"", ""description_en"": ""Understand the behavior of matter and energy at the smallest scales as the quantum computing is based on the principles of quantum mechanics"", ""max_score"": 0.604661532190111, ""sum_score"": 0.604661532190111, ""hits"": 1, ""chunk_indices"": [1], ""best_e5_score"": 0.7993917465209961, ""best_lexical_score"": 0.03111111111111111, ""retrieval_score"": 0.624661532190111, ""rank"": 2}, {""skill_name_en"": ""Web pages optimization"", ""description_en"": ""Optimizing web pages for maximum speed and scalability"", ""max_score"": 0.592786987039778, ""sum_score"": 0.592786987039778, ""hits"": 1, ""chunk_indices"": [1], ""best_e5_score"": 0.7990248799324036, ""best_lexical_score"": 0.008888888888888889, ""retrieval_score"": 0.612786987039778, ""rank"": 3}, {""skill_name_en"": ""Database modelling"", ""description_en"": ""Proficient in developing data models to structure and represent information, facilitating effective analysis and decision-making in the digital sector"", ""max_score"": 0.5851747972170512, ""sum_score"": 0.5851747972170512, ""hits"": 1, ""chunk_indices"": [1], ""best_e5_score"": 0.7972157001495361, ""best_lexical_score"": 0.02666666666666667, ""retrieval_score"": 0.6051747972170513, ""rank"": 4}, {""skill_name_en"": ""3D modelling"", ""description_en"": ""Generate 3D models using a variety of modelling software to represent characteristics of a real-world system"", ""max_score"": 0.5788068061404757, ""sum_score"": 0.5788068061404757, ""hits"": 1, ""chunk_indices"": [1], ""best_e5_score"": 0.7966516613960266, ""best_lexical_score"": 0.022222222222222223, ""retrieval_score"": 0.5988068061404758, ""rank"": 5}]"
model_output_template.csv,"[""Decision Trees"", ""Pandas Basics"", ""Machine Learning Workflow""]","[""Machine Learning (ML)""]",Beginner,0.6085,"The document evidence includes multiple files related to Machine Learning Workflow, Decision Trees, and Pandas Basics, indicating that the content is focused on teaching and practicing fundamental concepts in machine learning. This supports the selection of the 'Machine Learning (ML)' competency.",1,"[{""skill_name_en"": ""Knowledge of big data tools and platforms"", ""description_en"": ""Knowledge of big data tools and platforms to access data and run models"", ""max_score"": 0.6129032496483096, ""sum_score"": 0.6129032496483096, ""hits"": 1, ""chunk_indices"": [1], ""best_e5_score"": 0.8157743215560913, ""best_lexical_score"": 0.03225806451612903, ""retrieval_score"": 0.6329032496483096, ""rank"": 1}, {""skill_name_en"": ""Machine Learning (ML)"", ""description_en"": ""Develop, implement, and optimize algorithms for automated learning and decision-making utilizing tools such as deep learning (DL), supervised and unsupervised learning, and reinforcement learning"", ""max_score"": 0.5885246107655187, ""sum_score"": 0.5885246107655187, ""hits"": 1, ""chunk_indices"": [1], ""best_e5_score"": 0.8095593452453613, ""best_lexical_score"": 0.08064516129032258, ""retrieval_score"": 0.6085246107655187, ""rank"": 2}, {""skill_name_en"": ""Data sharing"", ""description_en"": ""Assess the value of data to achieve a competitive advantage and business objectives"", ""max_score"": 0.5402445916206606, ""sum_score"": 0.5402445916206606, ""hits"": 1, ""chunk_indices"": [1], ""best_e5_score"": 0.8054487705230713, ""best_lexical_score"": 0.03225806451612903, ""retrieval_score"": 0.5602445916206606, ""rank"": 3}, {""skill_name_en"": ""Artificial intelligence, machine learning and deep learning application"", ""description_en"": ""Identify opportunities where artificial intelligence (AI), machine learning (ML) and deep learning (DL) can be applied to support the automation of work tasks and improve organizational productivity and use machine learning (ML) principles and techniques to support the automation of procedural tasks and improve organizational productivity and evaluate these ML models"", ""max_score"": 0.5193576760830417, ""sum_score"": 0.5193576760830417, ""hits"": 1, ""chunk_indices"": [1], ""best_e5_score"": 0.8006468415260315, ""best_lexical_score"": 0.06451612903225806, ""retrieval_score"": 0.5393576760830417, ""rank"": 4}, {""skill_name_en"": ""Database modelling"", ""description_en"": ""Proficient in developing data models to structure and represent information, facilitating effective analysis and decision-making in the digital sector"", ""max_score"": 0.5162316745327366, ""sum_score"": 0.5162316745327366, ""hits"": 1, ""chunk_indices"": [1], ""best_e5_score"": 0.8011194467544556, ""best_lexical_score"": 0.04838709677419355, ""retrieval_score"": 0.5362316745327366, ""rank"": 5}]"
